ID	Delay	Delay2	Latency	Latency2	Success_Ratio	Energy	Hops	txPackets	rxPackets	ShortestPath	LongestPath	Orchestrators	Neighbors	Paths	Distance	DevFast	DevMedium	DevSlow	LoadSmall	LoadMedium	LoadBig
259	42.0123	44.4306	1.87456	4.29278	100	0.871431	28	5	5	1	10	5	19	5	1255	2	2	6	0	2	8
437	48.3164	49.0591	0.978641	1.72131	90	0.854104	19	5	4	3	8	5	20	5	1012	0	2	8	0	0	10
968	53.789	54.7702	2.55116	3.53241	90	0.840185	27	5	4	2	15	5	18	5	1040	0	0	10	0	0	10
292	55.2142	57.5636	0.819818	3.16919	92.3077	0.834645	35	9	8	1	17	4	19	24	1259	0	2	7	0	0	9
675	46.2812	50.3223	2.54344	6.58452	100	0.828109	33	6	6	1	16	5	19	5	1238	0	2	8	0	2	8
401	70.1915	72.0838	2.23781	4.13013	75	0.808299	33	13	9	1	10	3	19	43	1252	0	2	6	0	0	8
555	44.991	46.7925	1.25324	3.05476	90.9091	0.807275	19	6	5	2	8	5	18	5	1098	0	0	10	0	4	6
533	47.6576	49.4428	0.843891	2.62908	78.5714	0.807193	18	10	7	2	9	4	19	24	899	1	2	6	0	2	7
939	61.5867	65.0496	3.89236	7.35518	81.8182	0.802487	36	7	5	6	10	4	18	24	1256	0	0	9	0	0	9
266	38.7262	40.649	1.2884	3.21122	100	0.801938	21	5	5	2	7	5	19	5	980	0	2	8	0	6	4
352	49.275	52.8347	1.93724	5.49694	100	0.798382	27	6	6	1	9	5	20	5	1296	0	2	8	0	0	10
966	62.2012	65.6491	2.24754	5.69548	76.4706	0.797496	39	14	10	2	15	3	18	43	1278	1	0	7	0	5	3
832	59.2882	62.4881	1.59384	4.79375	100	0.7961	32	8	8	1	13	4	18	24	1077	0	0	9	0	0	9
807	53.2911	56.6451	1.23742	4.59144	72.2222	0.794623	43	15	10	2	16	3	19	43	1378	0	4	4	0	2	6
344	44.3828	46.333	1.10325	3.05344	100	0.794357	23	7	7	1	10	4	19	24	701	0	3	6	0	1	8
922	53.864	56.6379	1.05027	3.82414	80	0.794133	24	11	8	2	6	4	19	24	933	0	2	7	0	1	8
67	49.1825	49.6778	1.54474	2.04001	90	0.793319	11	5	4	1	4	5	19	5	933	0	0	10	0	2	8
114	55.2471	57.8374	0.933393	3.52363	86.6667	0.793189	28	11	9	1	10	4	19	24	1204	0	2	7	0	0	9
867	71.3587	75.6845	1.74431	6.07009	92.8571	0.791883	49	11	10	1	19	3	18	43	1162	0	2	6	0	0	8
269	38.5139	39.8928	0.69959	2.07847	100	0.790957	19	6	6	1	7	5	19	5	1198	0	2	8	2	2	6
766	43.0403	44.531	1.6872	3.17796	90.9091	0.788503	21	5	4	2	10	5	19	5	1444	2	2	6	0	2	8
130	54.5992	57.2723	1.40486	4.07794	100	0.787915	35	9	9	1	15	4	17	24	1286	0	0	9	0	2	7
240	34.017	34.8857	1.96391	2.83261	90	0.787721	18	5	4	3	6	5	18	5	1144	0	4	6	2	4	4
429	44.4127	47.4969	1.5749	4.65913	100	0.787522	23	6	6	2	10	5	18	5	1105	0	4	6	0	0	10
906	42.7047	44.6005	1.66691	3.56271	100	0.787362	28	5	5	1	9	5	18	5	1157	0	2	8	0	4	6
561	52.9771	54.4521	2.18268	3.65773	100	0.786852	32	8	8	1	10	4	18	24	1552	2	2	5	0	0	9
416	52.3853	53.1957	1.07153	1.88195	78.5714	0.786259	23	10	7	1	16	4	19	24	889	1	2	6	0	0	9
893	50.9446	53.0096	1.30835	3.37334	71.4286	0.784954	25	10	6	3	10	4	18	24	1132	0	0	9	0	4	5
895	52.2571	53.5457	1.01936	2.30786	81.8182	0.784317	15	6	4	2	8	5	19	5	1001	0	0	10	0	0	10
532	61.1563	64.5723	1.45851	4.87455	88.2353	0.784171	27	14	12	1	7	3	19	43	894	0	2	6	0	5	3
582	53.6664	56.0495	1.0301	3.41322	80	0.783802	23	11	8	2	6	4	19	24	1110	0	0	9	0	3	6
399	66.7849	71.1618	1.83128	6.20814	88.2353	0.78325	31	14	12	1	14	3	19	43	859	1	2	5	0	0	8
216	44.1321	44.6526	0.394286	0.914777	81.8182	0.783182	9	6	4	1	4	5	20	5	987	0	2	8	0	2	8
34	41.3214	43.2962	1.48357	3.45836	100	0.783032	21	6	6	1	6	5	19	5	1404	0	4	6	0	2	8
947	34.8657	37.5078	1.45588	4.09792	100	0.781594	20	6	6	1	7	5	19	5	1127	0	4	6	2	2	6
559	42.633	43.0303	0.695256	1.0925	90	0.78151	11	5	4	1	5	5	18	5	1267	0	2	8	0	4	6
707	48.5521	50.6707	1.21434	3.3329	100	0.781013	19	6	6	1	6	5	19	5	1372	0	2	8	0	0	10
874	52.2592	57.6205	2.14545	7.5067	78.5714	0.780675	26	10	7	3	12	4	18	24	996	0	2	7	0	2	7
83	43.8545	45.1904	1.01673	2.35264	90	0.779914	12	5	4	1	5	5	20	5	992	0	4	6	0	0	10
424	54.7085	56.2442	1.34152	2.87718	56.25	0.779257	21	13	6	2	6	3	19	43	1368	1	4	3	2	2	4
556	48.3572	49.3088	2.81946	3.77098	100	0.779179	15	5	5	1	5	5	20	5	792	0	2	8	0	2	8
820	49.4666	52.3492	1.63031	4.5129	86.6667	0.77879	25	11	9	1	10	4	19	24	1216	1	2	6	0	2	7
304	48.2445	50.0349	0.627582	2.41806	100	0.778618	23	9	9	1	4	4	19	24	939	0	0	9	0	4	5
168	43.4968	47.3336	1.37992	5.21668	100	0.778432	29	9	9	1	7	4	19	24	1329	0	2	7	0	6	3
840	48.1837	50.0533	0.986437	2.85597	84.6154	0.778095	26	9	7	1	9	4	18	24	1328	0	2	7	2	0	7
866	51.5949	54.3595	1.08772	3.85238	91.6667	0.777929	41	8	7	1	15	4	19	24	1319	0	2	7	0	2	7
273	52.5883	53.8041	1.27454	2.49034	57.1429	0.776841	16	10	4	3	10	4	19	24	935	1	2	6	0	0	9
851	48.7321	51.3023	1.39431	3.96449	100	0.775061	15	6	6	1	4	5	19	5	1191	0	2	8	0	0	10
29	42.3262	43.2556	2.77307	3.70255	100	0.774867	15	5	5	1	4	5	19	5	1087	0	2	8	0	6	4
134	37.1841	39.017	1.40338	3.23628	76.9231	0.773978	22	8	5	2	8	4	19	24	1526	2	4	3	2	0	7
994	68.9896	70.5687	1.03598	2.61509	82.3529	0.773456	27	14	11	1	14	3	20	43	847	0	2	6	0	0	8
415	48.9979	52.3927	2.89072	6.28549	100	0.773355	24	7	7	2	6	4	20	24	923	0	2	7	0	2	7
949	49.2784	52.4079	1.58403	4.71348	83.3333	0.773168	27	8	6	2	8	4	19	24	1501	0	2	7	0	4	5
657	34.3683	35.512	0.958508	2.10215	100	0.772065	19	5	5	1	7	5	19	5	1161	2	4	4	2	0	8
622	44.1059	45.9053	0.952788	2.75225	90.9091	0.771255	14	6	5	2	5	5	20	5	1103	0	2	8	2	0	8
139	50.7404	51.7886	0.926607	1.97486	71.4286	0.77017	22	10	6	2	12	4	18	24	990	0	2	7	0	2	7
238	56.8419	61.5767	2.15709	6.89191	100	0.76953	48	10	10	2	20	2	19	62	1388	2	2	3	0	1	6
782	42.5057	42.8762	0.567956	0.938459	80	0.769247	12	5	3	2	7	5	18	5	1062	0	2	8	0	4	6
897	41.8552	42.8444	0.817404	1.80658	100	0.769196	18	5	5	2	5	5	18	5	1019	0	2	8	0	4	6
900	42.1498	44.0516	1.11196	3.01377	100	0.768565	18	5	5	1	5	5	19	5	761	0	2	8	0	4	6
307	51.9476	55.0877	1.13382	4.27391	86.6667	0.768307	25	11	9	1	11	4	20	24	1354	1	2	6	0	1	8
983	55.9955	60.2686	1.68179	5.95489	84.6154	0.76805	23	9	7	1	7	4	20	24	1361	0	2	7	0	0	9
769	41.6886	42.9307	3.15232	4.39447	92.3077	0.767397	28	8	7	2	10	4	19	24	1584	2	2	5	0	4	5
122	52.1656	54.3071	0.927825	3.06926	100	0.766777	18	6	6	1	6	5	18	5	951	0	0	10	0	0	10
180	47.7332	48.5709	0.395408	1.23312	100	0.76582	13	5	5	1	4	5	20	5	1138	0	2	8	0	0	10
876	51.3265	53.3317	1.04695	3.05209	90.9091	0.764941	19	7	6	1	8	4	18	24	880	0	2	7	0	0	9
448	45.0815	48.1172	2.46772	5.50345	73.3333	0.764904	26	11	7	1	9	4	18	24	1108	1	0	8	2	0	7
400	37.2804	37.8906	0.68137	1.29159	90	0.76423	10	5	4	2	3	5	19	5	1004	2	2	6	2	0	8
25	39.9186	41.0296	1.28082	2.39185	100	0.76333	16	5	5	2	5	5	18	5	1247	2	4	4	0	2	8
364	56.1078	59.2627	3.09531	6.25017	66.6667	0.762996	39	12	7	2	13	3	19	43	1076	0	2	6	2	1	5
503	55.549	57.9061	1.41279	3.76985	66.6667	0.762909	28	11	6	2	8	4	19	21	1114	0	0	9	0	2	7
235	55.1756	56.8311	0.781215	2.43677	91.6667	0.762673	21	8	7	1	5	4	20	24	1095	0	2	7	0	0	9
523	52.0477	54.1292	1.14056	3.222	100	0.762453	28	7	7	3	7	4	19	24	1145	0	2	7	0	2	7
592	50.6869	51.9201	0.792477	2.02573	91.6667	0.76232	18	8	7	1	4	4	19	24	1325	0	2	7	0	2	7
105	45.0099	46.3807	1.27207	2.64295	90.9091	0.76227	13	5	4	3	4	5	19	5	1219	2	2	6	0	0	10
870	53.1514	56.372	2.33765	5.55824	80	0.762053	26	11	8	1	13	4	19	24	1313	1	2	6	0	1	8
827	43.9619	45.6721	0.824095	2.53434	100	0.761958	13	6	6	1	3	5	19	5	1096	0	2	8	0	2	8
520	37.9215	39.4945	0.911698	2.48462	100	0.7618	19	6	6	1	6	5	18	5	1160	0	4	6	2	0	8
9	44.6643	46.4312	0.926514	2.69345	100	0.760962	19	5	5	1	7	5	18	5	1205	2	2	6	0	0	10
721	45.0061	48.2531	2.52657	5.77349	100	0.760929	22	6	6	1	7	4	18	24	876	2	2	5	0	1	8
38	78.254	82.6175	1.97866	6.34214	80	0.760703	44	13	10	2	11	2	19	62	1191	2	1	4	0	4	3
314	44.3933	45.6117	0.67641	1.89486	83.3333	0.760697	20	8	6	1	8	4	19	24	1436	0	4	5	0	3	6
220	48.2258	51.134	2.11869	5.02681	83.3333	0.760375	20	8	6	1	8	4	19	24	1401	0	4	5	0	0	9
367	48.3231	50.2149	1.90622	3.79798	83.3333	0.760157	27	7	5	2	10	4	18	24	1453	2	0	7	0	3	6
69	45.4161	47.4786	1.87532	3.9378	85.7143	0.759225	25	10	8	2	7	4	19	24	852	0	1	8	2	1	6
185	53.0201	56.0384	0.906364	3.92462	87.5	0.759087	15	12	10	1	6	4	18	24	990	0	2	7	0	2	7
920	67.4735	70.058	1.0198	3.60434	75	0.757691	38	13	9	1	13	3	20	43	1212	0	2	6	0	1	7
441	47.202	48.3169	0.46419	1.57915	100	0.75745	17	6	6	1	8	5	18	5	992	0	2	8	0	0	10
710	55.7539	58.3182	1.35951	3.92379	83.3333	0.757444	29	8	6	2	12	4	18	24	1480	0	2	7	0	0	9
826	33.7508	34.9032	1.11302	2.26542	90	0.756863	15	5	4	1	6	5	19	5	1023	2	4	4	0	4	6
498	36.0466	37.6489	0.836778	2.43905	100	0.756804	12	5	5	1	3	5	19	5	1194	0	4	6	2	2	6
1004	47.6343	49.726	0.954703	3.04643	100	0.756396	20	7	7	1	6	4	19	24	856	0	2	7	0	2	7
359	41.0937	43.0677	0.894611	2.86865	100	0.755926	15	6	6	1	5	5	19	5	1137	0	2	8	2	0	8
414	48.2412	51.6605	1.56159	4.9809	100	0.755574	26	7	7	1	6	4	18	24	1014	0	2	7	0	2	7
225	55.7252	60.6048	1.61147	6.49108	86.6667	0.755412	36	11	9	1	16	4	18	24	1347	1	0	8	0	1	8
432	59.1746	62.1298	1.48018	4.43538	92.3077	0.754479	20	9	8	1	5	4	18	24	1064	0	0	9	0	0	9
449	38.7762	39.5819	0.738416	1.54408	90	0.754384	13	5	4	1	6	5	20	5	960	0	4	6	0	4	6
113	55.2913	56.869	1.79697	3.37459	100	0.754358	19	8	8	1	5	4	18	24	907	2	0	7	0	2	7
132	50.8841	51.7256	0.470315	1.31182	91.6667	0.754128	12	8	7	1	4	4	20	24	586	0	2	7	0	2	7
248	46.4098	52.0849	2.09296	7.76805	100	0.753731	24	9	9	1	8	4	20	24	969	0	2	7	0	4	5
540	43.6646	46.0447	1.74777	4.1278	81.8182	0.753566	23	7	5	2	11	4	18	24	1486	0	4	5	0	5	4
422	46.2425	46.6392	0.704673	1.10136	80	0.753528	11	5	3	2	5	5	19	5	940	0	2	8	0	2	8
464	55.3029	57.2046	0.908494	2.81021	92.3077	0.753458	26	9	8	1	10	4	18	24	1258	0	0	9	0	2	7
407	57.7274	60.3787	0.979798	3.63118	100	0.752723	36	8	8	1	9	3	19	43	1075	0	2	6	0	1	7
301	102.213	104.379	1.28359	3.44923	73.3333	0.752667	34	13	9	1	9	2	18	62	1243	0	1	6	0	1	6
916	41.3161	45.004	2.0783	5.76622	100	0.752575	21	5	5	1	11	5	18	5	835	2	4	4	0	0	10
502	30.7179	31.4916	0.908095	1.68175	100	0.752098	14	5	5	1	4	5	18	5	1142	2	4	4	2	2	6
638	42.8985	44.978	3.66073	5.74025	100	0.75197	15	5	5	2	4	5	18	5	1481	2	4	4	0	0	10
745	54.5486	56.34	1.95422	3.74562	91.6667	0.751963	29	8	7	2	6	4	18	24	1107	0	0	9	0	4	5
971	52.5944	57.27	1.75811	6.4337	100	0.751846	26	9	9	1	9	4	20	24	1033	0	2	7	0	2	7
143	51.5761	55.0612	1.40971	4.89476	91.6667	0.751818	25	8	7	1	8	4	19	24	1154	0	2	7	2	0	7
261	60.2317	63.805	1.61722	5.19057	83.3333	0.751764	27	15	12	1	6	3	19	43	1019	0	4	4	2	0	6
759	59.5488	62.9232	0.93429	4.30875	82.3529	0.751395	34	14	11	1	9	3	19	43	1115	0	4	4	2	0	6
776	39.9387	42.5832	1.83159	4.47599	100	0.751112	30	7	7	1	9	4	19	24	1101	2	4	3	0	2	7
859	48.3289	51.6462	1.38034	4.69764	92.8571	0.751054	32	11	10	1	9	3	19	43	1375	0	4	4	0	4	4
258	37.2133	39.0041	1.3337	3.12454	100	0.750959	32	6	6	1	14	4	19	24	1141	2	2	5	2	2	5
660	45.6949	48.7509	1.5586	4.61468	78.5714	0.750936	26	10	7	2	9	4	20	24	966	0	2	7	0	6	3
634	44.3837	46.9946	2.30583	4.9167	92.8571	0.750315	30	10	9	2	9	3	19	43	1118	2	2	4	0	4	4
842	71.1746	76.4862	3.02701	8.33864	64.2857	0.750301	27	11	6	2	11	3	19	43	1042	0	0	8	0	1	7
706	43.7132	45.5187	0.87544	2.68088	100	0.750233	12	6	6	1	3	5	19	5	1210	0	2	8	0	2	8
37	50.5872	51.9567	0.692784	2.06234	91.6667	0.750125	20	8	7	1	6	4	20	24	1015	0	4	5	0	0	9
995	66.5305	71.718	3.07687	8.26434	68.75	0.750071	44	13	8	1	17	3	19	43	1315	0	4	4	0	0	8
382	70.0607	72.6303	2.10709	4.67659	62.5	0.749909	29	13	7	2	11	3	18	43	1332	0	2	6	0	0	8
735	46.2792	46.9631	0.741434	1.42534	90	0.749466	9	5	4	1	3	5	19	5	963	0	2	8	0	2	8
718	62.9989	66.6107	1.0452	4.65702	83.3333	0.749382	30	15	12	1	8	3	20	43	1029	0	2	6	0	3	5
391	38.8007	39.8864	1.04766	2.13335	100	0.74931	17	5	5	2	6	5	19	5	1153	2	2	6	0	4	6
891	47.5323	48.3992	0.494489	1.3614	100	0.749214	12	5	5	1	4	5	18	5	741	2	0	8	0	2	8
410	49.1411	51.4715	1.04676	3.37715	100	0.749183	25	8	8	1	9	4	18	24	1248	0	2	7	0	4	5
181	55.4315	57.4534	1.11773	3.13961	100	0.74889	22	9	9	1	7	4	19	24	1127	0	2	7	0	0	9
892	48.3078	52.4432	2.22824	6.3636	100	0.748488	25	7	7	1	7	4	18	24	1047	0	3	6	0	0	9
760	45.1575	48.0007	1.07796	3.92111	66.6667	0.748314	21	11	6	2	9	4	19	24	804	0	1	8	0	3	6
781	35.2808	37.5016	2.13512	4.35592	100	0.7481	21	7	7	1	4	4	19	24	1068	2	4	3	2	2	5
844	40.9843	43.6753	2.10475	4.79576	100	0.747699	26	6	6	2	6	4	19	24	1128	2	2	5	0	3	6
548	40.7049	41.7034	0.505906	1.5044	90.9091	0.747681	14	6	5	1	5	5	19	5	1153	0	2	8	2	0	8
230	50.932	53.9675	1.11828	4.15377	92.3077	0.746893	27	9	8	1	12	4	18	24	1020	0	2	7	0	2	7
392	38.8803	40.3897	1.73944	3.24885	90	0.746504	22	6	5	2	9	4	17	24	1137	0	1	8	2	4	3
905	53.837	56.9713	1.12989	4.26411	100	0.746479	22	8	8	1	7	4	20	24	1098	0	2	7	0	0	9
386	43.7166	47.7891	1.94158	6.01407	92.3077	0.746264	50	9	8	2	17	3	18	43	1234	2	2	4	2	1	5
549	48.4723	49.9948	0.858537	2.38108	69.2308	0.745961	20	9	5	1	10	4	20	24	1353	0	4	5	0	2	7
810	50.0764	52.1473	1.59686	3.66776	85.7143	0.7458	27	10	8	2	11	4	19	24	965	2	1	6	0	2	7
100	47.8504	49.1773	0.512578	1.83951	100	0.745789	19	6	6	1	7	5	19	5	1066	0	2	8	0	0	10
439	56.2065	61.0056	1.89279	6.69183	87.5	0.745713	24	12	10	1	8	4	19	24	1045	0	2	7	0	0	9
903	55.3202	57.5493	1.00649	3.23553	87.5	0.745549	20	12	10	1	8	4	19	24	975	0	2	7	0	0	9
566	44.977	46.9365	0.715582	2.67513	100	0.745226	26	8	8	1	9	4	19	24	1076	0	4	5	1	0	8
919	49.6955	51.5528	0.878645	2.7359	84.6154	0.7448	15	9	7	1	4	4	20	24	1004	0	2	7	0	2	7
75	37.843	39.3033	0.497352	1.95766	91.6667	0.744277	24	8	7	1	7	4	18	24	903	0	4	5	2	0	7
663	54.983	56.8347	1.26924	3.12092	83.3333	0.744215	19	8	6	1	7	4	19	24	893	0	0	9	0	2	7
734	39.4963	40.527	0.858477	1.88922	90	0.744097	9	5	4	1	4	5	18	5	669	2	2	6	0	4	6
4	51.909	54.7973	1.57916	4.46741	81.8182	0.74359	34	9	7	3	13	2	19	62	1350	2	2	3	2	2	3
283	61.6439	65.3149	1.29637	4.96729	86.6667	0.74351	37	12	10	1	12	3	18	23	1076	0	0	8	0	2	6
239	47.9739	52.4169	1.16014	5.60313	86.6667	0.743471	22	11	9	1	4	4	18	24	935	1	0	8	0	4	5
20	40.1563	42.7371	0.918494	3.49934	100	0.743454	14	6	6	1	3	5	18	5	1028	0	2	8	0	4	6
609	66.361	69.0556	1.40736	4.10196	60	0.743347	26	12	6	3	8	3	18	43	1123	1	2	5	0	0	8
1002	39.9515	40.6226	1.91372	2.58477	90	0.743297	13	5	4	2	5	5	18	5	1179	0	0	10	2	4	4
941	52.478	54.1642	1.68366	3.36985	91.6667	0.743054	24	8	7	1	7	4	19	24	1216	2	2	5	0	0	9
975	48.8299	51.2904	1.22271	3.68321	100	0.742565	18	7	7	1	5	4	19	24	1220	0	2	7	0	3	6
346	47.7729	49.3257	0.659157	2.21199	92.3077	0.742486	18	9	8	1	5	4	20	24	1105	0	2	7	1	0	8
724	54.8183	55.9924	0.70454	1.87862	60	0.741576	14	11	5	1	5	4	19	24	1201	1	0	8	0	1	8
373	47.863	49.1781	0.52524	1.84033	100	0.741165	14	6	6	1	4	5	19	5	1269	0	2	8	0	0	10
680	52.1945	53.9074	2.11355	3.82645	84.6154	0.740847	32	10	8	2	18	3	20	43	1194	0	2	6	0	7	1
937	41.9957	45.1104	1.91652	5.03123	100	0.740843	26	7	7	2	7	4	19	24	1127	0	2	7	2	4	3
862	31.3764	31.9983	0.477406	1.09926	90	0.740754	12	5	4	1	5	5	19	5	984	0	4	6	2	4	4
349	48.9913	51.6029	1.7134	4.32495	91.6667	0.740322	17	8	7	2	4	4	19	24	1116	0	2	7	2	0	7
545	50.5863	52.9368	0.772526	3.123	100	0.739879	24	9	9	1	6	4	19	24	1191	0	2	7	0	2	7
7	44.4402	45.2127	0.702423	1.4749	100	0.739848	17	5	5	1	8	5	19	5	1266	2	2	6	0	0	10
796	43.1852	44.3839	0.66832	1.86706	75	0.739777	22	8	5	1	11	4	19	24	1265	0	4	5	0	4	5
408	49.9231	52.9825	1.76943	4.82888	84.6154	0.739643	26	10	8	1	9	3	18	43	1221	2	0	6	0	2	6
497	48.4047	49.6699	1.06686	2.33212	90	0.739612	11	5	4	2	4	5	19	5	906	0	2	8	0	0	10
942	48.5594	52.252	1.36507	5.05759	84.6154	0.739415	18	9	7	1	6	4	18	24	1179	0	2	7	1	0	8
409	46.3283	49.1641	1.24874	4.08449	93.3333	0.739325	32	11	10	1	13	4	19	24	1002	0	1	8	1	2	6
412	65.8421	70.0919	1.38842	5.63822	76.4706	0.738444	23	14	10	1	11	3	20	43	1158	1	2	5	0	1	7
137	67.7166	70.8292	1.2629	4.3755	61.1111	0.738408	23	15	8	2	9	3	20	43	877	0	2	6	0	1	7
608	51.1195	53.8182	1.03373	3.73243	87.5	0.738292	14	12	10	1	3	4	20	24	873	0	2	7	2	0	7
21	110.526	114.551	3.82207	7.8465	71.4286	0.738272	59	13	9	4	18	1	18	81	1521	0	2	4	1	1	4
451	47.9135	50.5337	1.99973	4.61995	91.6667	0.738233	29	8	7	1	9	4	18	24	1210	0	2	7	0	4	5
829	54.0367	57.194	3.18256	6.33985	57.1429	0.738198	33	11	5	3	13	3	18	43	1159	0	2	6	0	2	6
875	46.3633	48.781	1.07508	3.49278	92.3077	0.738073	28	10	9	2	8	3	17	43	1043	2	2	4	0	2	6
3	149.506	153.17	1.04329	4.70755	87.5	0.738068	39	15	13	2	12	1	18	77	1157	1	0	5	1	0	5
176	37.5284	39.1489	1.29058	2.91112	100	0.737828	18	5	5	1	8	5	18	5	1263	2	4	4	0	2	8
254	37.1825	38.2061	0.583476	1.60703	100	0.73772	12	5	5	1	4	5	20	5	1172	2	2	6	2	0	8
700	47.9361	49.9145	1.75032	3.72875	91.6667	0.737244	15	8	7	1	5	4	20	24	929	0	2	7	2	2	5
992	48.3386	49.5732	4.03141	5.26608	90.9091	0.737057	22	7	6	2	7	4	18	24	868	0	2	7	0	4	5
274	38.6293	41.1737	1.32213	3.86656	100	0.736798	23	8	8	1	7	4	19	24	1388	0	2	7	1	4	4
50	55.5992	57.7213	1.20484	3.32689	92.3077	0.736532	17	9	8	1	3	4	19	24	1115	0	2	7	0	0	9
65	32.6522	35.5748	1.51141	4.43401	100	0.736243	21	7	7	1	6	4	19	24	975	0	3	6	4	0	5
345	42.5664	46.2918	1.4207	5.14611	100	0.736193	32	7	7	3	7	4	18	24	1074	0	3	6	1	2	6
530	54.9674	56.6628	0.653606	2.349	91.6667	0.736101	12	8	7	1	4	4	19	24	873	0	2	7	0	0	9
929	38.2773	39.0008	1.19777	1.92127	57.1429	0.736083	15	10	4	2	5	4	18	24	1140	2	1	6	2	4	3
902	95.7861	100.405	2.70125	7.32059	82.3529	0.735954	41	15	12	2	9	2	19	62	1149	1	2	4	0	1	6
692	47.2383	48.12	0.500484	1.38221	90.9091	0.735555	10	6	5	1	4	5	18	5	980	0	0	10	0	2	8
298	49.5243	54.1113	1.90738	6.49444	100	0.735264	32	7	7	2	10	4	18	24	1198	2	0	7	0	3	6
203	47.7927	49.9717	0.898311	3.07728	91.6667	0.735074	20	8	7	1	7	4	19	24	1066	0	4	5	0	2	7
845	56.7238	59.201	2.32939	4.80658	90.9091	0.734934	24	7	6	3	6	4	18	24	1313	0	2	7	0	0	9
76	55.0054	57.4771	0.691677	3.16339	100	0.734818	22	9	9	1	9	4	20	24	917	0	2	7	0	0	9
210	47.6608	49.3108	0.847063	2.49706	91.6667	0.73454	23	8	7	1	6	4	20	24	1137	0	4	5	0	2	7
988	48.3688	51.5961	1.43254	4.65989	100	0.734413	25	8	8	1	8	4	19	24	1136	0	2	7	0	4	5
486	69.5624	71.4773	1.02552	2.94046	92.3077	0.734344	28	10	9	1	11	3	18	43	1035	0	0	8	0	3	5
684	43.6178	46.3351	1.13824	3.85558	100	0.734215	19	7	7	1	6	4	19	24	842	0	3	6	0	2	7
509	106.783	108.647	3.26255	5.12558	66.6667	0.734081	44	13	8	1	14	2	18	62	1192	0	0	7	0	0	7
594	74.7916	77.9703	1.20683	4.38548	73.3333	0.734076	38	13	9	3	17	2	19	62	1198	0	2	5	0	3	4
539	51.4162	55.7229	1.2218	5.5285	91.6667	0.733727	18	8	7	1	3	4	17	24	1245	0	2	7	0	2	7
616	57.9101	59.6441	0.756463	2.49046	80	0.733514	29	12	9	1	10	3	19	43	912	1	2	5	0	3	5
702	46.0099	48.8356	1.49306	4.31868	91.6667	0.733314	21	8	7	1	6	4	19	24	1108	0	4	5	0	3	6
468	40.7571	42.1927	0.877562	2.31315	85.7143	0.733084	23	10	8	1	7	4	19	24	899	0	3	6	0	4	5
805	49.34	51.7914	0.832886	3.28419	91.6667	0.732922	19	8	7	1	5	4	20	24	777	0	2	7	0	1	8
849	44.1903	48.0288	2.80709	6.64556	85.7143	0.732892	29	10	8	2	8	3	19	43	1490	2	4	2	2	2	4
877	52.8072	54.5229	0.693464	2.40916	68.75	0.73278	19	12	7	1	7	4	19	24	1211	0	2	7	0	2	7
280	51.7143	53.9165	3.61994	5.82209	81.8182	0.73277	24	7	5	4	6	4	19	24	1132	0	2	7	0	4	5
955	47.5622	49.5877	0.783342	2.80887	81.25	0.732751	31	13	10	1	8	3	19	43	863	2	1	5	0	3	5
553	47.7856	49.3057	1.106	2.62613	90.9091	0.732674	13	7	6	1	3	4	18	24	774	0	2	7	0	2	7
300	63.5245	67.8813	2.32672	6.68351	82.3529	0.732574	28	14	11	2	7	3	20	43	1176	0	2	6	0	4	4
182	67.9044	71.904	1.88999	5.88964	92.3077	0.732367	45	10	9	2	10	3	18	43	1181	2	2	4	0	0	8
1000	55.5683	58.6802	1.03457	4.1464	68.75	0.73233	27	13	8	1	10	3	20	43	1210	0	3	5	0	0	8
462	55.4065	57.8978	1.0927	3.58408	100	0.732264	15	9	9	1	4	4	19	24	815	0	2	7	0	0	9
284	53.5267	56.4219	1.39291	4.28809	85.7143	0.731691	34	11	9	1	7	3	19	43	1243	0	2	6	0	2	6
514	54.9615	58.1218	1.36712	4.52739	66.6667	0.731642	30	15	9	2	11	3	19	43	1134	0	1	7	1	1	6
563	44.8849	45.8117	0.847063	1.77396	100	0.731617	13	5	5	2	4	5	19	5	978	2	0	8	0	2	8
2	43.0201	44.1282	0.540578	1.64864	90.9091	0.731547	14	7	6	1	7	4	20	24	774	0	2	7	0	3	6
478	43.6692	45.1778	1.16201	2.67068	90.9091	0.730916	20	7	6	2	5	4	19	24	1122	2	2	5	1	0	8
473	48.4921	49.8958	1.81258	3.21621	88.8889	0.730772	19	5	4	3	8	4	18	24	1183	2	2	5	0	0	9
388	58.8392	62.2552	1.5248	4.94078	100	0.73055	39	11	11	1	14	3	19	43	1319	0	2	6	0	2	6
146	58.1839	59.1914	0.489534	1.49703	84.6154	0.730479	13	9	7	1	3	4	18	24	1069	0	0	9	0	0	9
188	49.1807	53.1493	2.47357	6.44214	90.9091	0.730195	33	7	6	2	17	4	19	24	1086	0	2	7	0	3	6
934	32.2914	34.5857	2.41181	4.70612	90	0.730037	23	6	5	3	6	4	18	24	1167	0	2	7	4	4	1
99	71.8852	75.853	2.27079	6.23863	71.4286	0.730002	25	11	7	2	9	3	20	43	1178	0	2	6	0	0	8
598	58.2578	61.8861	1.70361	5.33198	92.3077	0.729902	39	10	9	1	14	3	17	43	1237	0	0	8	0	2	6
221	49.3142	50.1495	0.719834	1.55511	72.7273	0.729871	14	7	4	2	7	4	19	24	1072	2	2	5	0	2	7
946	47.1468	48.6057	0.467251	1.92614	100	0.729843	21	7	7	1	8	4	19	24	973	0	2	7	0	2	7
351	54.6545	56.9023	3.07783	5.32568	87.5	0.729808	32	13	11	1	14	3	20	43	809	0	1	7	0	4	4
147	60.3437	64.2496	1.11127	5.01714	77.7778	0.729754	22	15	11	1	5	3	20	43	967	0	4	4	2	0	6
371	62.206	66.9663	1.75232	6.51266	94.1176	0.729552	25	14	13	1	7	3	20	43	883	1	2	5	0	2	6
136	53.6935	56.0638	0.87978	3.25005	80	0.72941	20	11	8	1	7	4	20	24	1071	0	2	7	0	1	8
64	51.7921	54.8035	0.707241	3.71867	93.75	0.729335	29	14	13	1	7	2	20	62	973	0	2	5	2	1	4
251	44.9132	47.2969	0.833674	3.2173	80	0.729022	24	11	8	1	9	4	20	24	819	0	1	8	0	3	6
279	43.1028	44.2152	1.77037	2.88276	83.3333	0.728855	25	9	7	1	13	3	19	43	1171	2	2	4	2	2	4
558	50.2837	51.2045	0.469981	1.39078	92.3077	0.728811	13	9	8	1	4	4	20	24	1022	0	4	5	0	0	9
635	48.6967	50.197	0.860431	2.36079	86.6667	0.728763	20	11	9	1	7	4	19	24	1159	1	2	6	0	2	7
490	45.296	47.564	0.988856	3.2568	100	0.728599	20	7	7	1	5	4	18	24	817	2	2	5	0	3	6
954	42.9752	44.0766	0.86804	1.96949	100	0.728418	16	6	6	1	4	4	20	24	791	0	2	7	0	6	3
785	46.6375	49.8265	2.58748	5.77646	92.3077	0.728212	26	10	9	1	7	3	19	43	1335	0	4	4	2	0	6
650	43.6979	44.7339	1.21829	2.25429	78.5714	0.728079	19	10	7	2	7	4	19	24	1261	2	3	4	0	0	9
44	58.0466	59.6658	2.9924	4.6116	62.5	0.728021	28	13	7	2	12	3	19	43	998	0	1	7	0	2	6
814	55.2768	58.2175	0.963079	3.90375	92.3077	0.727832	19	9	8	1	4	4	19	24	1244	0	2	7	0	0	9
583	55.9062	57.9478	1.59241	3.63405	100	0.727765	15	8	8	1	3	4	19	24	858	0	2	7	0	0	9
52	43.8149	46.2193	0.977089	3.38146	100	0.727513	12	6	6	1	3	5	19	5	1077	0	2	8	0	2	8
165	64.1882	66.6764	2.37385	4.86198	76.9231	0.727497	35	10	7	2	18	3	19	43	1076	2	3	3	0	0	8
336	42.644	45.0892	3.43686	5.88203	91.6667	0.727385	26	7	6	3	8	4	19	24	1331	2	2	5	0	3	6
470	51.6436	55.8465	0.807355	5.01025	87.5	0.727356	18	12	10	1	5	4	19	24	893	0	0	9	0	4	5
334	67.3583	69.3884	1.01077	3.04083	78.5714	0.727192	30	11	8	2	9	3	18	43	1020	0	1	7	0	2	6
328	51.8314	52.8956	0.5936	1.65783	81.8182	0.726485	8	6	4	1	3	5	18	5	1101	0	0	10	0	0	10
360	61.8643	64.4936	1.27608	3.9053	82.3529	0.726357	28	14	11	1	14	3	19	43	967	0	4	4	0	2	6
218	59.332	66.8599	2.0176	9.5455	92.8571	0.726336	40	11	10	1	14	3	18	43	1207	0	2	6	0	2	6
742	54.7591	59.1278	2.67952	7.04823	100	0.726048	26	6	6	2	8	4	18	24	1245	2	0	7	0	0	9
338	68.4728	71.4123	1.11435	4.05387	92.8571	0.725639	32	11	10	1	7	3	18	43	1280	0	2	6	0	2	6
569	45.7113	48.6061	1.67356	4.56831	100	0.725575	14	5	5	2	3	5	18	5	1081	2	0	8	0	2	8
177	52.5252	54.3555	1.61805	3.44834	81.8182	0.725255	20	7	5	3	6	4	19	24	1105	0	0	9	0	3	6
244	44.1524	44.8432	0.414566	1.10542	90.9091	0.725167	9	6	5	1	3	5	18	5	1025	0	0	10	0	4	6
12	81.4375	88.3037	1.98467	8.85089	91.6667	0.724741	40	10	9	1	8	2	18	62	1411	0	2	5	0	1	6
479	55.5111	57.4812	1.19734	3.1674	100	0.724587	21	8	8	1	7	4	19	24	1062	0	2	7	0	0	9
597	40.9183	41.3395	0.780474	1.20166	90	0.724354	9	5	4	1	4	5	18	5	1290	2	2	6	0	2	8
964	44.126	46.1754	1.64642	3.69587	78.5714	0.724274	21	10	7	2	7	4	19	24	959	2	3	4	0	0	9
869	54.1648	55.4303	3.2576	4.52309	90.9091	0.723633	20	7	6	1	7	4	18	24	882	0	2	7	0	2	7
848	40.2071	41.7168	0.969262	2.47906	90	0.723493	15	5	4	1	7	5	19	5	954	2	2	6	0	2	8
71	51.0036	52.962	1.10926	3.06766	90.9091	0.723292	17	7	6	1	5	4	19	24	1354	0	2	7	0	2	7
980	48.123	50.1085	1.11581	3.10131	91.6667	0.723237	19	8	7	1	5	4	18	24	961	0	2	7	0	2	7
242	57.4228	62.9942	1.68901	7.26048	76.4706	0.723192	41	14	10	2	18	3	18	43	946	1	2	5	0	0	8
433	44.0366	45.7066	1.75083	3.42078	100	0.723138	18	8	8	2	3	4	19	24	1152	2	2	5	2	0	7
112	37.3484	38.0925	0.338515	1.08271	90.9091	0.723046	9	6	5	1	3	5	18	5	1361	0	4	6	2	0	8
935	54.453	57.7041	1.63928	4.8903	75	0.722887	20	12	8	1	7	4	20	24	1066	0	2	7	0	1	8
822	104.513	105.86	0.991911	2.33909	53.3333	0.722732	26	13	6	2	10	2	18	62	1282	0	0	7	0	0	7
30	68.9865	74.9544	1.39435	7.36232	87.5	0.722513	42	14	12	2	11	2	18	62	1160	0	3	4	0	0	7
232	47.4558	49.2576	0.942016	2.74383	83.3333	0.72232	14	8	6	2	4	4	19	24	1149	2	2	5	0	0	9
643	68.7825	72.9763	0.828837	5.02262	82.3529	0.722116	25	14	11	1	11	3	19	43	791	0	2	6	0	0	8
925	86.1877	92.4891	1.7834	8.08479	72.2222	0.721844	44	17	12	1	13	1	19	81	1193	0	3	3	0	3	3
854	43.3848	45.2186	0.90527	2.73908	90	0.721645	13	6	5	2	4	4	19	24	853	0	2	7	0	3	6
164	49.3373	50.4464	0.970837	2.08002	83.3333	0.721602	11	8	6	1	4	4	20	24	757	0	2	7	2	2	5
613	83.8095	88.851	3.33412	8.37565	90.9091	0.721512	48	9	8	3	9	2	19	62	1386	0	2	5	0	1	6
821	53.7605	56.9364	1.05339	4.22928	100	0.721192	18	8	8	1	4	4	20	24	945	0	2	7	0	0	9
586	55.0631	58.7808	1.50944	5.22715	81.25	0.721088	27	13	10	1	11	3	19	43	1087	1	2	5	0	2	6
806	46.2954	50.323	1.76296	5.79057	76.9231	0.720657	31	10	7	3	7	3	19	43	1212	2	2	4	2	0	6
984	45.0371	47.3897	2.5575	4.91015	100	0.720657	22	6	6	2	6	4	18	24	1170	2	0	7	0	3	6
534	54.3419	57.8907	1.22813	4.77698	75	0.720384	16	12	8	1	4	4	19	24	1076	0	2	7	0	0	9
878	39.9969	41.7037	1.11737	2.82411	100	0.720044	18	6	6	1	5	4	19	24	1061	2	3	4	0	2	7
981	44.8948	47.0334	1.15704	3.29565	100	0.719782	12	5	5	1	4	5	19	5	1061	2	2	6	0	0	10
162	70.2958	74.1579	2.94214	6.80428	75	0.719763	44	13	9	1	11	3	19	43	1132	0	0	8	0	2	6
290	54.8265	56.4626	1.1941	2.83013	62.5	0.719661	28	13	7	2	12	3	19	43	1330	1	2	5	3	1	4
652	43.9685	45.6623	1.48898	3.18271	78.5714	0.719626	21	10	7	2	7	4	19	24	1367	2	1	6	0	2	7
199	51.2902	52.9408	1.0106	2.66119	72.7273	0.719417	15	7	4	2	8	4	20	24	1038	0	2	7	0	0	9
871	48.6476	53.7755	1.64048	6.76837	100	0.719309	32	8	8	1	8	4	19	24	1065	0	2	7	0	2	7
62	70.7308	74.0052	1.31553	4.58993	55.5556	0.719185	39	17	9	3	11	1	18	81	1256	1	1	4	2	1	3
214	46.7673	48.5371	0.660107	2.42994	83.3333	0.718749	12	8	6	1	3	4	19	24	875	0	2	7	0	2	7
158	55.1926	58.2042	0.878814	3.89041	92.3077	0.718549	15	9	8	1	4	4	19	24	1028	0	2	7	0	0	9
236	65.073	68.6001	2.83608	6.36322	92.3077	0.718272	36	10	9	2	10	3	19	43	828	2	2	4	0	3	5
846	62.88	66.0345	1.33243	4.48694	100	0.718124	25	7	7	1	9	3	18	43	1044	2	0	6	1	0	7
322	45.7801	50.3215	1.85628	6.39766	92.3077	0.717897	34	10	9	1	12	3	20	43	1298	0	4	4	0	4	4
506	56.301	57.1004	0.621431	1.42084	81.8182	0.717579	10	7	5	1	3	4	19	24	867	0	0	9	0	0	9
156	55.0197	56.6414	1.46607	3.08775	70.5882	0.717395	27	14	9	1	14	3	19	43	1135	1	2	5	0	2	6
252	51.7624	53.0108	0.855242	2.10365	90.9091	0.717354	22	7	6	2	7	4	19	24	814	0	2	7	0	2	7
303	49.6998	52.8719	1.46607	4.63818	85.7143	0.717299	24	10	8	1	9	3	18	43	966	2	2	4	0	0	8
600	48.9538	51.2206	2.35943	4.62625	91.6667	0.717174	25	8	7	2	8	4	18	24	1055	2	2	5	0	2	7
154	102.697	106.434	3.44458	7.18077	100	0.71699	43	13	13	1	17	2	19	62	1115	2	1	4	0	0	7
178	39.0195	39.6248	1.58171	2.18698	90	0.716941	9	5	4	1	4	5	19	5	1110	0	4	6	0	4	6
271	96.5142	99.0552	1.51835	4.0594	75	0.716866	31	14	10	2	12	2	20	62	986	0	2	5	0	2	5
936	51.8656	52.8329	0.986065	1.95336	78.5714	0.716834	19	10	7	1	7	4	19	24	997	0	1	8	0	2	7
245	54.9376	56.1289	0.623865	1.81512	84.6154	0.716799	18	9	7	1	5	4	19	24	1336	0	2	7	0	0	9
353	55.4728	58.722	1.15905	4.40823	92.3077	0.716484	18	9	8	1	5	4	17	24	1048	0	2	7	0	0	9
620	40.2835	43.4774	1.07636	4.27029	100	0.716467	35	7	7	1	9	4	18	24	1011	2	3	4	0	2	7
243	46.6963	48.1177	2.36255	3.78391	61.5385	0.716453	20	10	5	2	10	3	18	43	1018	2	4	2	0	0	8
463	61.2553	65.3281	2.16709	6.23985	72.2222	0.716424	36	15	10	1	18	3	19	43	1196	0	4	4	0	3	5
557	59.679	63.6364	1.98461	5.94205	92.3077	0.716351	25	9	8	1	8	4	18	24	1152	0	0	9	0	0	9
175	51.5834	57.1318	3.36651	8.91496	100	0.715968	32	7	7	1	12	4	18	24	1100	0	0	9	0	5	4
646	59.0582	63.0687	1.74386	5.75427	92.8571	0.715699	32	11	10	1	7	3	20	43	1335	0	2	6	0	2	6
632	62.2551	65.013	1.6669	4.42475	70.5882	0.71565	25	14	9	2	8	3	18	43	1266	0	4	4	0	2	6
727	60.0549	63.6374	1.40124	4.9837	68.75	0.715551	30	13	8	1	12	3	19	43	1191	0	2	6	0	4	4
107	37.3781	39.4946	1.28082	3.39729	100	0.715436	22	8	8	1	6	4	18	24	1136	0	2	7	3	2	4
262	64.6761	69.1399	2.16163	6.62539	72.2222	0.715082	30	15	10	1	8	3	19	43	1162	0	2	6	2	0	6
253	72.48	77.09	1.81088	6.42091	72.7273	0.714868	47	20	14	2	13	2	20	62	1111	0	1	6	1	0	6
921	39.4521	42.6211	2.53504	5.70401	75	0.714772	27	13	9	1	9	3	18	43	1277	0	4	4	3	1	4
476	65.3711	68.1597	1.91743	4.706	76.4706	0.714578	27	14	10	2	7	3	18	43	1237	0	2	6	0	2	6
22	149.583	153.961	1.77912	6.15635	72.2222	0.714364	50	17	12	1	14	1	17	81	1218	1	1	4	0	1	5
482	47.3091	48.6733	0.592245	1.95643	83.3333	0.714335	12	8	6	1	4	4	19	24	947	0	2	7	0	3	6
425	57.6454	58.7645	2.5912	3.71038	42.8571	0.714244	21	11	3	4	13	3	18	43	1177	0	2	6	0	1	7
757	46.3742	47.3386	1.75736	2.72169	91.6667	0.714215	19	8	7	1	6	4	19	24	837	2	2	5	0	4	5
171	48.3725	50.7674	2.07809	4.47304	92.3077	0.71413	25	8	7	1	9	4	19	24	1411	2	2	5	0	2	7
485	37.1946	40.8547	1.85379	5.51388	100	0.71396	21	6	6	2	5	4	19	24	1075	2	2	5	2	1	6
295	44.3199	45.0207	0.582063	1.28291	90.9091	0.71395	8	5	4	1	3	5	18	5	1084	2	0	8	0	2	8
915	51.5314	53.1226	1.25184	2.84302	90	0.713014	14	6	5	2	4	4	19	24	1012	0	2	7	0	0	9
672	56.4337	58.7364	0.699912	3.00259	81.25	0.712971	27	13	10	1	5	3	19	43	826	1	2	5	0	0	8
217	54.9884	56.7934	0.6746	2.47963	84.6154	0.712889	11	9	7	1	5	4	19	24	976	0	2	7	0	0	9
445	49.5321	51.551	1.29736	3.31626	80	0.712732	22	12	9	1	7	3	18	43	808	2	0	6	0	5	3
504	40.5862	42.4087	1.14996	2.97249	91.6667	0.712708	19	8	7	1	7	4	19	24	990	0	4	5	0	6	3
87	51.1527	51.7892	1.03896	1.67548	57.1429	0.71228	19	10	4	2	9	4	18	24	1198	1	0	8	0	2	7
633	54.2022	57.8588	1.76745	5.42404	69.2308	0.711941	23	10	6	1	8	3	18	43	1078	0	2	6	0	1	7
35	52.7011	54.5301	1.42445	3.25344	83.3333	0.711855	37	9	7	3	13	3	19	43	1282	2	0	6	0	2	6
773	161.115	164.644	3.05189	6.58129	61.1111	0.711822	40	17	10	2	11	1	19	81	1214	0	0	6	0	0	6
6	47.2905	51.0059	1.59612	5.3115	100	0.711763	21	8	8	2	6	4	19	24	864	2	2	5	0	4	5
686	44.9612	47.6555	1.554	4.24835	100	0.711644	30	7	7	1	9	4	18	24	1268	2	0	7	0	4	5
797	62.3443	68.6752	2.3906	8.72158	75	0.711566	39	13	9	1	16	3	20	43	1238	1	2	5	0	3	5
879	44.5006	48.223	1.28326	5.00558	100	0.711494	33	9	9	1	11	3	20	43	745	0	3	5	1	2	5
484	54.3328	56.7995	1.73847	4.20514	81.8182	0.711322	23	7	5	2	12	4	20	24	947	0	2	7	0	2	7
881	57.2696	59.7979	2.15515	4.68344	68.75	0.711093	29	13	8	1	13	3	20	43	1415	1	4	3	2	1	5
972	55.6932	58.3613	1.29882	3.96688	83.3333	0.710465	22	8	6	2	6	4	18	24	1435	0	2	7	0	0	9
70	51.5729	53.2451	0.665769	2.33793	100	0.710182	19	7	7	1	5	4	19	24	769	0	2	7	0	2	7
471	63.5456	66.888	1.13122	4.47365	85.7143	0.710047	32	11	9	2	5	3	19	43	1397	0	2	6	1	0	7
403	53.6157	56.8815	1.56158	4.82731	75	0.710014	31	13	9	2	8	3	19	43	903	0	0	8	0	4	4
329	65.2365	71.8625	1.78287	8.40889	86.6667	0.709647	28	12	10	1	16	3	18	43	993	0	4	4	0	0	8
519	55.0973	57.3254	0.783511	3.01169	100	0.709599	24	8	8	1	7	4	19	24	902	0	2	7	0	0	9
116	49.9222	51.1758	1.16855	2.42218	76.9231	0.709591	25	10	7	2	10	3	20	43	1192	2	2	4	0	0	8
626	101.475	105.659	2.22188	6.40615	73.3333	0.709567	45	13	9	2	16	2	19	62	1311	2	1	4	0	0	7
853	63.4436	65.9486	0.889416	3.39443	64.7059	0.709471	22	14	8	1	8	3	19	43	1106	0	0	8	0	0	8
543	52.1624	55.0845	1.32619	4.24828	100	0.709431	20	9	9	1	4	4	18	24	1046	0	2	7	0	2	7
157	64.4198	67.661	0.966162	4.20733	77.7778	0.70943	19	15	11	1	8	3	20	43	923	0	4	4	0	0	8
174	68.532	70.6381	0.578377	2.68449	76.4706	0.709282	22	14	10	1	5	3	20	43	923	0	2	6	0	0	8
704	49.868	52.3493	1.32722	3.80852	90.9091	0.709004	15	7	6	1	4	4	19	24	909	0	0	9	2	0	7
101	56.6255	58.0202	0.618389	2.01309	83.3333	0.708772	16	8	6	1	6	4	19	24	787	0	0	9	0	0	9
194	53.4652	59.426	2.53144	8.49223	85.7143	0.708743	36	10	8	2	10	3	18	43	1308	2	2	4	0	0	8
888	55.1725	56.6206	0.778111	2.22619	91.6667	0.708729	18	8	7	1	4	4	19	24	1350	0	2	7	0	0	9
719	63.5682	66.9887	1.44723	4.86777	100	0.708572	46	10	10	2	10	2	18	62	1343	2	0	5	0	0	7
383	37.7835	39.9551	0.666622	2.83824	83.3333	0.708241	12	8	6	1	5	4	18	24	778	2	4	3	0	6	3
669	41.9602	43.2815	1.84336	3.16466	100	0.708239	21	8	8	1	7	4	19	24	818	2	2	5	0	6	3
48	51.6056	56.0183	1.71122	6.12395	100	0.708221	22	9	9	1	4	4	19	24	1231	0	2	7	0	2	7
512	47.0144	49.0249	0.907239	2.91776	91.6667	0.708192	16	8	7	1	5	4	20	24	1120	0	4	5	0	0	9
296	56.0352	58.9475	1.23939	4.1517	86.6667	0.708108	46	13	11	2	13	2	19	62	1274	0	2	5	2	0	5
306	53.7386	55.0691	1.05907	2.38956	71.4286	0.707935	13	10	6	2	5	4	19	24	877	0	1	8	0	0	9
204	35.9191	41.9338	2.06747	8.0822	86.6667	0.707816	22	11	9	1	6	4	19	24	916	0	3	6	2	2	5
562	68.8796	71.2416	0.925983	3.28796	85.7143	0.707691	22	11	9	1	4	3	19	43	1017	0	2	6	0	0	8
121	59.9671	63.0531	1.31854	4.40451	92.3077	0.707651	40	10	9	1	14	3	19	43	1191	0	3	5	0	5	3
970	47.9291	49.2623	0.721918	2.05513	81.8182	0.70743	17	7	5	2	7	4	19	24	988	0	1	8	0	3	6
722	67.7382	69.5113	1.39059	3.16378	78.5714	0.70739	25	11	8	2	9	3	20	43	889	0	1	7	0	2	6
193	55.0687	58.9347	1.87429	5.74034	100	0.707322	18	8	8	1	5	4	19	24	830	0	0	9	0	2	7
802	51.6506	54.4221	1.37104	4.14256	90.9091	0.707151	11	7	6	1	4	4	19	24	918	0	2	7	0	0	9
743	63.3079	65.2655	1.41626	3.37384	64.2857	0.707101	26	11	6	3	10	3	19	43	1141	0	2	6	0	1	7
288	98.4603	100.757	1.66448	3.96156	81.25	0.707087	25	14	11	2	5	2	19	62	1112	1	2	4	0	0	7
505	59.8578	62.348	1.50415	3.99431	91.6667	0.707047	22	9	8	1	7	3	19	43	1065	0	2	6	0	2	6
354	49.9798	50.991	0.572687	1.58386	83.3333	0.706822	12	8	6	1	3	4	19	24	912	0	2	7	0	1	8
911	65.7342	68.4695	1.5364	4.27172	76.4706	0.706692	21	14	10	1	9	3	20	43	908	0	2	6	0	3	5
856	59.6589	61.6946	2.37066	4.40636	75	0.706661	34	13	9	2	10	3	18	43	1380	0	2	6	1	2	5
943	59.567	63.1627	1.23007	4.82586	78.5714	0.706078	35	11	8	1	12	3	19	43	1237	0	2	6	0	2	6
213	53.6173	54.905	2.30354	3.59125	57.1429	0.706042	14	10	4	1	6	4	19	24	1174	1	0	8	0	2	7
483	43.3882	47.9871	2.53538	7.13427	66.6667	0.706026	25	11	6	2	8	4	19	24	1279	1	2	6	4	0	5
26	53.8812	55.9728	1.17406	3.26564	81.8182	0.705993	21	7	5	2	9	4	19	24	834	0	2	7	0	0	9
764	49.3241	51.4285	0.816977	2.92132	90.9091	0.705743	16	7	6	1	5	4	20	24	940	0	3	6	0	0	9
798	54.1924	55.6824	2.35761	3.84762	75	0.705505	31	9	6	2	11	3	18	43	1203	2	0	6	1	0	7
91	57.2138	60.934	1.48004	5.20025	82.3529	0.705419	28	14	11	1	5	3	19	43	1234	1	2	5	0	0	8
649	38.4943	39.8244	0.814691	2.14478	85.7143	0.705408	20	10	8	2	5	4	19	24	1187	2	2	5	2	0	7
106	56.6844	59.9313	1.62589	4.87281	85.7143	0.70525	29	11	9	1	11	3	19	43	1385	0	2	6	0	4	4
8	44.2596	47.0875	1.78006	4.60794	78.5714	0.705189	25	10	7	2	7	4	19	24	1339	2	1	6	0	2	7
19	46.0998	49.1214	1.19265	4.21419	100	0.705048	29	7	7	1	7	4	19	24	953	2	3	4	0	0	9
161	47.2961	50.6182	1.18898	4.51101	100	0.70498	22	8	8	1	4	4	18	24	922	0	2	7	0	2	7
767	46.2183	49.5651	1.17072	4.51751	92.8571	0.704917	25	11	10	1	7	3	18	43	720	2	3	3	1	2	5
128	75.1703	77.1321	1.28549	3.24732	80	0.704864	34	13	10	1	9	2	19	62	1099	1	2	4	0	2	5
17	52.7294	54.052	1.93501	3.2576	92.3077	0.704675	23	8	7	2	6	4	19	24	1239	2	2	5	0	0	9
289	47.6976	48.7046	1.5904	2.59749	90.9091	0.704496	16	7	6	1	4	4	19	24	886	0	2	7	0	2	7
431	69.355	73.9849	1.4013	6.03119	76.4706	0.704178	21	14	10	1	6	3	18	43	900	0	2	6	0	0	8
361	55.4675	57.6269	1.07314	3.23255	84.6154	0.704166	19	9	7	1	5	4	20	24	1211	0	2	7	0	0	9
685	59.9883	62.4161	1.03417	3.4619	82.3529	0.703889	25	14	11	1	9	3	20	43	913	0	1	7	0	0	8
863	38.2885	39.2978	0.707787	1.71705	71.4286	0.703756	18	10	6	2	6	4	19	24	1002	1	4	4	2	2	5
528	37.1322	41.192	2.33172	6.39161	92.3077	0.703627	27	8	7	1	9	4	19	24	1167	2	4	3	2	2	5
907	50.1003	55.238	1.144	6.28173	82.3529	0.703551	28	14	11	1	6	3	20	43	1201	0	4	4	0	1	7
90	55.0361	56.4681	1.32173	2.75374	91.6667	0.703502	34	9	8	2	15	3	19	43	1073	2	2	4	0	2	6
801	57.246	58.4205	0.768114	1.94261	71.4286	0.703379	17	11	7	2	4	3	20	43	1261	0	2	6	0	2	6
889	52.2062	55.4422	1.41182	4.64782	100	0.703378	30	7	7	1	8	4	19	24	1193	2	2	5	0	0	9
602	38.6834	41.2322	1.26262	3.81149	100	0.703368	28	9	9	1	11	3	19	43	1133	2	3	3	0	4	4
969	53.5285	55.6785	1.0937	3.24374	92.3077	0.70329	19	10	9	1	5	3	20	43	784	0	3	5	0	0	8
183	47.634	51.2331	1.7357	5.33481	78.5714	0.703289	34	11	8	1	9	3	18	43	983	0	3	5	0	3	5
56	38.8148	40.941	1.10762	3.23389	81.8182	0.703268	19	7	5	2	5	4	19	24	1266	0	4	5	1	2	6
223	51.318	53.1606	1.03843	2.88101	72.7273	0.703265	10	7	4	1	6	4	19	24	1109	0	2	7	0	0	9
308	50.691	51.6727	2.18388	3.16551	72.7273	0.703179	14	7	4	1	9	4	20	24	805	0	2	7	0	1	8
461	150.135	155.032	2.33082	7.22824	77.7778	0.703131	52	17	13	1	14	1	19	79	1071	1	1	4	0	1	5
852	65.5398	68.6499	2.0861	5.19622	72.2222	0.702516	25	15	10	2	6	3	20	43	1123	0	2	6	0	2	6
910	47.5851	49.039	0.993429	2.44735	90	0.702061	15	7	6	1	4	3	19	43	1180	0	2	6	0	5	3
127	63.669	66.2004	1.03528	3.56667	70.5882	0.702023	23	14	9	1	5	3	19	43	1027	0	0	8	0	0	8
28	46.7743	49.1339	1.67993	4.03948	100	0.701936	16	8	8	1	4	4	19	24	954	0	4	5	0	4	5
591	37.2528	40.1291	1.6012	4.47745	71.4286	0.701824	26	10	6	2	8	4	18	24	875	0	3	6	2	2	5
729	61.7775	65.7074	1.72992	5.65989	90.9091	0.701601	26	8	7	1	10	3	18	43	1293	0	2	6	0	0	8
985	44.898	48.0435	2.36421	5.50976	68.75	0.701432	28	13	8	1	7	3	19	43	1142	0	2	6	2	1	5
173	51.8952	54.1257	1.10082	3.33131	100	0.701351	23	7	7	2	5	4	18	24	1564	2	2	5	0	0	9
784	45.1769	46.5028	0.897365	2.22323	90	0.701297	12	6	5	2	3	4	20	24	1014	0	2	7	0	3	6
956	64.2715	66.0438	0.817872	2.59014	78.5714	0.700616	12	11	8	1	5	3	20	43	903	0	4	4	0	0	8
522	54.011	56.5685	0.957366	3.51486	76.4706	0.700565	29	14	10	2	7	3	19	42	1063	1	2	5	0	3	5
884	38.2411	39.7625	0.995458	2.51682	75	0.70043	15	8	5	1	4	4	18	24	1342	0	3	6	1	2	6
986	55.1339	57.3184	1.28023	3.46479	92.3077	0.70027	22	10	9	2	5	3	19	43	1079	0	4	4	0	2	6
297	59.9428	62.9774	1.20902	4.24367	85.7143	0.700139	18	11	9	1	7	3	20	43	924	0	2	6	0	0	8
730	56.9424	59.9962	0.935219	3.98906	100	0.700102	22	8	8	1	4	4	18	24	964	0	0	9	0	0	9
80	46.8253	48.4471	0.745753	2.36751	60	0.7001	11	11	5	1	4	4	17	24	1148	0	1	8	0	2	7
651	47.9625	49.7214	0.882896	2.64186	73.3333	0.699617	17	10	6	1	6	4	20	24	1147	2	1	6	0	1	8
135	46.7035	47.9997	0.596373	1.89258	100	0.699571	19	8	8	1	6	4	18	24	1032	0	2	7	0	2	7
376	65.4391	68.2345	1.0854	3.88083	62.5	0.699057	30	13	7	1	10	3	17	39	1216	1	0	7	0	2	6
285	97.994	101.622	1.19821	4.82574	86.6667	0.699047	28	13	11	2	7	2	19	60	1058	1	2	4	0	0	7
72	46.4	47.6343	1.19286	2.4271	90.9091	0.698735	22	7	6	2	7	4	19	24	927	2	2	5	0	3	6
231	62.7628	66.2918	2.67498	6.20395	78.5714	0.698707	34	11	8	2	15	3	19	43	1029	0	1	7	1	1	6
124	67.6166	68.8474	1.17973	2.41053	69.2308	0.698489	21	10	6	2	8	3	19	43	1258	0	2	6	0	1	7
628	46.7082	50.526	2.4286	6.24641	85.7143	0.698364	28	10	8	3	9	4	19	24	989	0	1	8	0	4	5
81	63.6722	65.9459	1.52461	3.79831	78.5714	0.698326	28	11	8	2	8	3	18	43	1049	0	1	7	0	3	5
477	53.4187	54.791	0.711569	2.08388	81.8182	0.698208	20	7	5	1	6	4	19	24	1334	0	2	7	0	0	9
491	53.8506	58.5489	1.39691	6.09523	76.4706	0.698104	26	14	10	2	5	3	19	43	1166	1	0	7	0	5	3
438	68.2144	70.3159	1.47749	3.57902	83.3333	0.697982	29	9	7	1	9	3	17	43	1573	2	0	6	0	1	7
332	66.5952	69.219	1.1808	3.80466	85.7143	0.697279	31	11	9	1	8	3	19	43	1142	0	2	6	0	1	7
630	68.9898	72.0545	1.39773	4.46239	70	0.697127	36	18	12	2	10	2	19	62	1111	0	1	6	0	2	5
452	48.2892	52.9757	3.05547	7.74198	62.5	0.697073	31	13	7	1	11	3	18	43	1191	0	2	6	2	1	5
579	44.3562	47.8984	1.54909	5.09121	90.9091	0.696806	35	7	6	1	11	4	19	24	1073	0	3	6	0	2	7
120	61.4923	64.8128	1.44475	4.76521	100	0.696806	32	8	8	1	10	3	18	43	1334	0	2	6	0	0	8
631	56.8628	59.695	1.18327	4.0154	73.3333	0.696656	19	11	7	1	7	4	19	24	1031	0	0	9	0	0	9
326	49.7244	50.6906	2.81725	3.78341	100	0.69645	16	7	7	1	4	4	19	24	1383	2	2	5	0	2	7
835	44.1169	48.2676	1.92607	6.07679	92.8571	0.696344	34	11	10	1	12	3	18	43	1216	0	2	6	1	4	3
682	45.2197	46.1607	0.940167	1.88111	90	0.695932	16	6	5	2	5	4	19	24	1149	0	2	7	0	3	6
668	49.456	50.7914	0.976413	2.31183	80	0.695747	11	6	4	2	4	4	18	24	1077	0	0	9	0	4	5
196	53.8587	55.4	1.17911	2.72048	78.5714	0.695665	19	10	7	1	11	4	19	24	843	0	1	8	0	0	9
998	55.3394	58.9677	0.944984	4.57334	100	0.695566	24	8	8	1	6	4	18	24	867	0	2	7	0	0	9
394	53.1871	54.3404	0.779983	1.93329	90.9091	0.695553	19	7	6	2	6	4	18	24	1167	2	0	7	0	0	9
370	51.6956	53.2749	1.7811	3.36044	70.5882	0.694961	22	14	9	1	7	3	19	43	1086	0	4	4	3	1	4
824	71.3548	76.3351	1.74046	6.72071	92.3077	0.694945	28	10	9	1	7	3	20	43	1011	0	2	6	0	0	8
362	51.9741	53.723	1.09457	2.84343	92.8571	0.694885	13	10	9	1	7	4	19	24	752	0	1	8	0	2	7
864	73.5624	75.724	1.70878	3.87039	83.3333	0.694723	23	15	12	1	5	3	19	43	887	0	0	8	0	0	8
690	68.7826	72.7683	1.2654	5.25111	65	0.694592	54	18	11	1	18	2	19	62	1398	1	0	6	0	3	4
15	65.316	65.7698	1.86235	2.31616	60	0.694496	19	12	6	1	12	3	19	43	971	0	2	6	0	2	6
525	46.6361	49.8236	1.14164	4.32919	70	0.69447	28	17	11	2	9	3	19	37	1091	1	3	4	1	0	7
123	40.5418	44.2033	1.93468	5.59617	90.9091	0.69432	21	7	6	1	5	4	18	24	1470	2	2	5	0	5	4
568	46.8207	47.8591	1.91355	2.95197	72.7273	0.694173	18	7	4	3	6	4	19	24	1173	2	3	4	0	0	9
427	40.8113	42.4646	1.13171	2.78504	90	0.693935	12	6	5	1	4	4	18	24	880	2	3	4	0	1	8
887	68.0336	68.9435	2.01926	2.92915	92.8571	0.693757	19	10	9	1	4	3	19	43	1048	2	2	4	0	0	8
787	64.5934	67.4777	1.13971	4.024	75	0.69373	27	13	9	1	7	3	20	43	1251	0	4	4	0	0	8
268	50.9033	55.8982	1.54917	6.54405	73.6842	0.693702	35	16	11	1	11	3	19	42	1224	1	3	4	0	0	8
587	55.6833	58.9322	2.97616	6.225	100	0.693606	26	7	7	2	7	4	19	24	983	0	0	9	0	2	7
885	50.9198	52.8107	0.640248	2.53115	90.9091	0.69337	14	7	6	1	5	4	19	24	1050	0	2	7	0	0	9
671	67.215	69.6317	0.76134	3.17799	76.4706	0.693355	18	14	10	1	3	3	19	43	1024	0	2	6	0	1	7
63	57.9842	60.0117	0.749393	2.77692	81.25	0.693325	32	13	10	1	9	3	20	43	770	0	0	8	0	3	5
589	51.8693	53.9818	1.07492	3.18743	83.3333	0.69328	22	7	5	3	7	4	19	24	1257	2	2	5	0	0	9
241	53.5167	57.076	1.38293	4.94219	76.4706	0.693268	19	14	10	1	6	3	19	43	1123	0	2	6	0	2	6
435	53.1825	53.912	0.588154	1.31767	83.3333	0.693159	10	8	6	1	3	4	19	24	1076	0	2	7	0	2	7
858	39.4114	40.8432	0.531825	1.96363	90.9091	0.693041	17	7	6	1	5	4	18	24	854	0	2	7	2	2	5
738	43.1706	46.0517	1.16882	4.04991	76.9231	0.692983	18	10	7	1	5	3	19	43	1108	0	2	6	2	1	5
572	56.8473	62.2352	2.01358	7.40147	92.3077	0.692872	22	10	9	2	4	3	19	40	939	0	2	6	0	2	6
624	54.186	56.5407	1.10939	3.46403	66.6667	0.692402	18	12	7	2	5	3	18	38	955	0	2	6	0	2	6
73	44.3626	45.4623	1.88299	2.98274	90	0.692366	19	6	5	3	5	4	18	24	1160	2	2	5	0	1	8
405	55.6189	59.972	1.22452	5.57763	91.6667	0.692158	16	8	7	1	4	4	18	24	1235	0	2	7	0	0	9
377	52.2166	53.4763	1.58177	2.8415	62.5	0.69204	22	13	7	1	8	3	19	43	773	0	3	5	0	2	6
228	65.6444	70.0617	2.19076	6.60807	78.5714	0.692003	27	11	8	1	7	3	19	43	1366	0	2	6	0	2	6
488	57.6775	61.1273	0.929913	4.37974	90.9091	0.691917	24	8	7	1	10	3	18	43	1031	0	2	6	0	1	7
531	43.1151	45.4223	2.15546	4.46267	68.4211	0.691851	31	16	10	2	12	3	18	43	1219	0	2	6	4	0	4
510	73.4089	75.9785	0.716811	3.28641	71.4286	0.6918	29	19	13	1	8	2	19	62	797	0	1	6	0	1	6
378	97.3116	101.299	1.22678	5.21404	82.3529	0.691798	35	15	12	1	6	2	19	62	882	0	3	4	0	0	7
32	51.0426	54.3359	1.93547	5.22876	100	0.691792	21	7	7	1	5	4	19	24	1118	2	0	7	0	2	7
125	53.0343	56.8988	2.4005	6.26505	75	0.69169	30	13	9	2	10	3	19	43	1216	0	2	6	0	3	5
92	56.4706	61.4275	1.95806	6.91498	82.3529	0.691676	25	14	11	1	7	3	19	43	938	0	2	6	2	0	6
23	47.008	49.4031	0.90085	3.2959	91.6667	0.691625	22	8	7	1	7	4	17	24	898	0	2	7	1	0	8
605	48.0579	52.9106	2.02308	6.8758	92.3077	0.691574	29	9	8	1	8	3	18	43	1053	2	3	3	0	1	7
24	69.6194	71.1553	1.47187	3.00773	78.5714	0.691438	14	11	8	1	5	3	19	43	1087	0	1	7	0	0	8
1003	57.7773	59.8256	1.12368	3.17197	66.6667	0.691329	23	12	7	1	13	3	20	43	1418	1	4	3	0	2	6
88	57.4058	61.92	1.55826	6.07242	100	0.691288	29	8	8	2	7	3	19	43	1137	0	2	6	0	1	7
226	49.3356	50.901	0.828423	2.3938	83.3333	0.69123	13	8	6	1	5	4	19	24	743	0	2	7	0	1	8
737	44.9013	46.9825	2.42173	4.50293	71.4286	0.691168	20	10	6	1	7	4	19	24	1257	2	1	6	0	2	7
129	51.3163	56.2878	2.86263	7.83413	62.5	0.690852	29	13	7	1	7	3	18	43	1128	0	0	8	2	0	6
691	44.413	48.8588	2.8593	7.30515	62.5	0.690616	34	13	7	1	10	3	19	43	1245	1	2	5	2	0	6
184	69.2517	71.8318	1.29804	3.87818	78.5714	0.690604	16	11	8	1	6	3	20	43	1078	0	2	6	0	0	8
750	50.4288	56.1865	2.19508	7.95279	92.3077	0.690379	29	10	9	1	9	3	19	43	1053	0	2	6	0	4	4
789	53.302	55.7277	0.96513	3.3908	92.3077	0.690305	22	10	9	1	5	3	19	43	966	0	2	6	0	5	3
42	52.6136	56.2027	1.81925	5.40829	90.9091	0.690229	21	7	6	2	5	4	19	24	1160	2	2	5	0	0	9
455	71.0745	76.0346	0.957224	5.91728	87.5	0.690228	36	14	12	1	13	2	17	62	1116	1	1	5	1	2	4
496	51.5425	52.6944	0.748118	1.90006	83.3333	0.689905	15	7	5	2	6	4	19	24	1098	2	2	5	0	0	9
27	65.0629	67.4017	1.11533	3.45412	100	0.689822	19	8	8	1	3	3	18	43	1255	0	0	8	2	0	6
978	69.9052	73.3868	1.9515	5.43316	77.7778	0.689817	15	15	11	1	3	3	19	43	780	0	2	6	0	0	8
731	155.012	158.876	1.99666	5.86045	77.7778	0.689767	47	17	13	1	11	1	18	81	1227	0	1	5	0	1	5
31	73.7675	76.885	1.91382	5.03136	75	0.689366	20	13	9	1	5	3	18	43	937	0	0	8	0	0	8
658	44.6917	47.0765	1.01838	3.40324	81.25	0.689345	21	13	10	1	7	3	18	43	748	0	3	5	2	0	6
481	55.8096	57.3438	0.975863	2.51001	84.6154	0.689339	23	10	8	2	6	3	20	43	964	0	2	6	0	2	6
229	51.0434	55.6035	1.68926	6.24933	75	0.689269	38	17	12	1	8	3	18	43	1245	1	1	6	0	2	6
940	57.8199	59.1855	0.50552	1.87107	85.7143	0.689143	18	11	9	1	5	3	18	43	1231	0	2	6	0	2	6
961	44.2533	49.1822	1.65251	6.58145	92.3077	0.6891	22	10	9	1	6	3	20	43	987	0	2	6	1	4	3
688	66.1497	70.9146	1.49606	6.26099	85.7143	0.689072	15	11	9	1	4	3	20	43	943	0	2	6	0	1	7
833	59.9826	63.0535	1.39412	4.46501	92.3077	0.68885	46	11	10	2	15	2	18	62	1304	0	3	4	1	0	6
195	37.6845	39.5374	1.24424	3.09713	61.5385	0.688837	27	10	5	1	10	3	19	43	1114	0	3	5	3	0	5
932	46.6454	48.8726	1.21159	3.43883	76.9231	0.688746	30	10	7	2	7	3	18	43	1225	2	3	3	0	2	6
494	64.5773	72.2778	2.34046	10.0409	85.7143	0.688403	33	11	9	1	7	3	18	43	972	0	0	8	0	2	6
267	57.5417	59.5056	2.02735	3.99117	92.3077	0.688207	31	10	9	3	6	3	18	43	1299	0	2	6	0	4	4
396	52.721	56.2302	0.897161	4.40638	82.3529	0.688123	40	14	11	1	11	3	20	43	1030	0	3	5	0	1	7
86	68.8523	71.542	0.898667	3.58833	76.4706	0.688107	24	14	10	1	7	3	19	43	930	0	2	6	0	0	8
466	66.2169	67.5991	0.802516	2.18469	76.9231	0.688078	25	10	7	1	9	3	19	43	1040	0	2	6	0	1	7
313	42.9007	44.8735	0.907517	2.88035	84.6154	0.688071	25	10	8	2	7	3	19	43	1346	0	2	6	4	0	4
918	105.751	109.679	1.64713	5.57486	57.8947	0.68807	58	18	10	2	18	1	19	81	1442	1	2	3	0	4	2
689	50.2583	53.7747	0.904128	4.4205	80	0.688007	24	12	9	1	8	3	19	43	675	1	2	5	0	1	7
576	50.2456	52.1902	1.11184	3.05642	73.3333	0.687553	23	12	8	1	10	3	19	43	972	1	2	5	0	2	6
618	75.5232	79.2631	2.00884	5.74867	71.4286	0.687542	26	11	7	1	6	3	19	43	1155	0	0	8	0	0	8
406	50.5506	52.9249	1.3461	3.72043	92.8571	0.687484	26	11	10	1	4	3	18	43	1184	0	4	4	0	2	6
1	97.7616	100.667	0.965839	3.87081	76.4706	0.687334	22	15	11	1	8	2	20	62	891	1	2	4	0	0	7
507	67.0161	75.1131	2.42403	10.521	85.7143	0.68715	60	19	16	1	19	2	19	62	1065	1	1	5	0	2	5
619	47.6745	51.1959	3.39491	6.91635	78.5714	0.687043	19	10	7	2	6	4	18	24	979	0	3	6	0	2	7
436	23.7864	25.7187	1.07357	3.00586	100	0.68637	19	6	6	1	5	4	18	24	863	2	3	4	5	0	4
958	49.3858	53.3538	1.27739	5.24543	77.2727	0.68633	36	20	15	1	7	2	18	62	1153	0	3	4	2	2	3
450	44.1795	46.4658	1.37231	3.65863	81.8182	0.686309	22	7	5	2	6	4	19	24	1197	0	2	7	0	3	6
347	61.8822	64.2813	3.33466	5.73378	85.7143	0.686048	29	11	9	1	14	3	20	43	824	0	0	8	0	4	4
999	57.3449	60.7554	1.83054	5.24101	92.3077	0.686039	35	10	9	3	10	3	18	43	1361	0	2	6	0	4	4
325	100.669	102.173	0.872805	2.37685	80	0.685989	23	13	10	1	7	2	20	62	959	0	2	5	0	0	7
664	104.444	107.75	3.39147	6.69712	78.5714	0.685773	39	12	9	1	11	2	19	62	1282	0	1	6	0	2	5
98	34.6817	35.66	0.830087	1.80841	78.5714	0.685694	21	10	7	1	11	4	19	24	1058	2	3	4	2	0	7
387	98.2205	100.791	1.42474	3.99495	90.9091	0.685567	30	9	8	2	8	2	19	62	1428	1	2	4	0	0	7
348	55.4361	57.6095	1.04175	3.21513	100	0.685398	20	9	9	1	7	4	19	24	1099	0	2	7	0	0	9
419	96.9265	101.075	0.841661	4.98989	100	0.685102	29	14	14	1	7	2	20	62	895	0	2	5	0	1	6
517	94.653	96.7808	0.968221	3.096	78.5714	0.685017	34	12	9	1	11	2	19	62	1058	0	3	4	0	1	6
926	60.0102	63.4998	1.056	4.54567	70	0.684641	30	17	11	1	12	3	19	43	949	0	1	7	0	0	8
442	58.6372	61.6162	2.08302	5.062	81.25	0.684598	24	13	10	2	5	3	19	43	984	0	2	6	0	0	8
365	103.491	106.397	2.43836	5.34404	71.4286	0.684529	36	12	8	1	8	2	19	62	1359	0	1	6	0	2	5
94	40.1832	43.7163	1.46551	4.99854	91.6667	0.684505	26	8	7	1	5	4	18	24	1006	0	3	6	3	0	6
758	44.6135	48.886	2.09667	6.36913	100	0.684444	25	8	8	1	7	4	19	24	1016	0	4	5	0	4	5
648	52.6371	54.6518	1.48343	3.49817	84.6154	0.684203	23	10	8	1	8	3	19	43	1050	0	2	6	1	2	5
423	56.9973	62.6086	2.46358	8.07482	62.5	0.68406	34	13	7	2	7	3	19	43	1171	0	2	6	0	1	7
687	58.398	60.5538	2.55042	4.70625	100	0.684038	25	7	7	3	6	3	19	43	1291	0	2	6	0	1	7
66	104.592	108.517	1.73935	5.66437	87.5	0.68382	42	14	12	1	9	2	18	62	1179	0	1	6	0	0	7
909	64.5007	67.6683	1.70859	4.87623	77.2727	0.68343	34	20	15	1	8	2	20	61	744	0	1	6	0	2	5
951	49.8864	53.1375	1.6652	4.91634	60	0.68325	25	17	9	1	6	3	19	43	1077	0	0	8	2	3	3
249	57.6292	61.1072	1.07501	4.553	81.25	0.683104	34	13	10	2	8	3	19	43	974	0	2	6	0	0	8
310	67.7482	69.8965	1.40066	3.54896	78.5714	0.683051	25	11	8	2	10	3	19	43	900	0	1	7	0	2	6
172	110.82	114.835	1.4608	5.47537	72.2222	0.682892	49	17	12	2	16	1	18	81	1232	0	1	5	1	2	3
495	66.3876	68.4901	2.03397	4.13646	62.5	0.682812	21	13	7	1	8	3	19	42	1063	1	0	7	0	2	6
96	92.5213	97.9178	2.32549	7.72199	93.75	0.68255	34	14	13	1	9	2	17	56	959	1	0	6	1	2	4
153	69.9989	74.0965	2.32674	6.42424	100	0.682424	47	11	11	2	10	2	19	62	1385	0	2	5	0	0	7
404	55.5752	63.0904	3.02765	10.5428	90.9091	0.682135	32	8	7	1	16	3	19	43	1318	0	2	6	0	2	6
61	70.9635	76.0839	1.34913	6.46948	76.9231	0.681873	29	10	7	1	8	3	19	43	1000	0	2	6	0	0	8
224	79.4297	82.7391	1.77691	5.08631	100	0.681654	37	9	9	2	7	2	20	62	1182	0	3	4	0	2	5
991	159.436	162.873	1.37335	4.81061	63.1579	0.681596	40	18	11	1	11	1	19	81	1029	0	0	6	0	0	6
13	50.7332	55.3412	1.47587	6.08389	87.5	0.681523	30	13	11	1	8	3	19	43	885	0	1	7	0	3	5
469	59.8764	66.2495	1.83949	8.21257	92.8571	0.681465	37	11	10	1	8	3	18	43	1037	0	0	8	0	3	5
959	53.5748	55.195	0.867678	2.48785	91.6667	0.681367	21	8	7	1	8	4	18	24	1289	0	2	7	0	0	9
823	55.573	60.7699	1.03925	6.23614	94.1176	0.681357	24	14	13	1	8	3	19	43	721	0	0	8	0	3	5
426	75.3575	78.2383	1.84313	4.72391	92.8571	0.681342	26	11	10	1	4	3	18	43	1141	0	0	8	0	0	8
215	78.5243	82.2735	2.24897	5.99815	90.9091	0.68119	47	9	8	2	12	2	18	62	1162	2	2	3	0	3	4
997	60.0889	63.0088	1.35512	4.27508	73.3333	0.681021	27	12	8	1	17	3	19	43	1147	0	2	6	0	0	8
588	68.106	70.0233	2.09161	4.00889	84.6154	0.680982	30	10	8	2	7	3	19	43	1070	2	2	4	0	0	8
931	66.0549	68.6067	1.50735	4.05911	78.5714	0.680796	29	11	8	1	14	3	19	43	889	2	1	5	0	0	8
816	51.8292	53.2873	1.01187	2.46997	66.6667	0.680711	28	13	8	2	14	2	18	62	1278	0	2	5	2	0	5
282	97.2611	103.258	1.1763	7.17294	86.6667	0.68071	34	13	11	1	8	2	19	62	1042	0	3	4	0	0	7
489	65.6363	67.7182	0.682628	2.76452	64.7059	0.680614	13	14	8	1	3	3	19	43	939	1	2	5	0	0	8
607	50.8529	52.9969	1.26127	3.40529	78.5714	0.680613	24	11	8	1	9	3	19	43	909	2	3	3	0	3	5
493	105.842	110.11	2.98917	7.25715	80	0.680399	58	13	10	2	17	2	19	62	1086	0	0	7	0	1	6
102	47.6618	52.4756	2.06046	6.87421	100	0.680377	32	9	9	1	11	3	17	43	1341	0	2	6	0	4	4
79	64.3609	66.4277	0.907201	2.97402	61.1111	0.680295	12	15	8	1	4	3	19	43	1047	0	4	4	0	0	8
575	56.8521	59.8928	1.37547	4.41613	82.3529	0.680147	31	14	11	1	7	3	19	43	1061	0	1	7	0	2	6
788	53.0788	56.9764	1.09102	4.98854	86.6667	0.6794	30	12	10	1	8	3	18	43	1215	0	1	7	1	2	5
324	52.2194	55.3622	0.685611	3.82847	88.2353	0.679391	22	14	12	1	6	3	18	38	964	1	2	5	0	1	7
275	69.6737	71.1346	1.72003	3.18091	64.7059	0.679329	20	14	8	2	7	3	20	43	1285	0	2	6	0	0	8
720	45.6061	46.5504	0.392348	1.33667	90.9091	0.679308	13	7	6	1	4	4	19	24	977	2	2	5	0	2	7
610	53.9819	57.4998	1.54707	5.06505	81.8182	0.67918	19	8	6	2	4	3	20	43	1163	0	2	6	0	1	7
547	152.758	155.111	1.24292	3.59575	55.5556	0.678998	19	17	9	1	7	1	19	81	872	1	1	4	0	0	6
516	76.1259	78.7121	0.953046	3.5393	62.5	0.678941	31	14	8	2	8	2	20	62	1102	0	2	5	0	4	3
197	40.7841	44.6944	1.92999	5.84028	80	0.678841	24	12	9	1	7	3	18	43	1069	0	3	5	2	1	5
475	100.931	105.893	2.27787	7.24058	80	0.678732	45	13	10	2	13	2	19	62	1184	0	1	6	0	1	6
793	69.6921	71.7378	2.33847	4.38412	62.5	0.67854	22	13	7	2	10	3	18	43	1304	0	0	8	0	2	6
790	152.593	155.154	1.07822	3.63856	66.6667	0.678527	35	17	11	1	12	1	19	81	1133	1	1	4	0	0	6
890	50.8438	53.7435	1.59624	4.49594	71.4286	0.678228	30	11	7	1	10	3	18	43	925	0	0	8	1	3	4
286	100.609	102.901	0.933772	3.22587	81.25	0.678025	36	14	11	1	15	2	18	62	1139	0	1	6	0	1	6
527	60.1291	64.8989	1.39535	6.1651	92.3077	0.67792	39	10	9	1	10	3	20	43	1119	0	2	6	0	0	8
774	55.9298	58.6796	1.88221	4.63209	100	0.677915	26	7	7	2	7	3	18	43	1242	0	2	6	0	3	5
458	57.2826	58.9146	0.72849	2.36045	50	0.677762	10	13	5	1	4	3	19	43	965	0	2	6	0	0	8
736	47.5132	50.5228	2.10743	5.11711	92.3077	0.677615	31	10	9	1	8	3	19	43	996	0	3	5	2	5	1
205	72.8891	74.9315	1.03546	3.07784	80	0.677444	28	12	9	1	8	3	17	43	1115	0	0	8	0	0	8
529	112.075	118.557	1.35943	7.84217	78.9474	0.677443	35	18	14	2	10	1	19	81	1074	1	1	4	0	2	4
255	43.9488	48.198	1.58693	5.83622	100	0.677427	47	10	10	2	11	2	18	62	1227	2	2	3	0	6	1
803	48.9817	52.8296	1.78032	5.6282	75	0.677414	31	13	9	2	7	3	19	43	1221	0	1	7	0	4	4
639	59.2652	61.102	0.973558	2.81031	80	0.677254	29	12	9	2	11	3	19	43	1059	0	1	7	2	1	5
312	53.3023	55.5596	0.867475	3.12481	91.6667	0.677235	19	9	8	1	5	3	19	43	854	0	3	5	0	0	8
551	58.2531	61.4734	1.8055	5.0258	100	0.677097	25	7	7	2	7	3	19	43	1109	2	2	4	0	0	8
293	72.8899	75.3063	1.14231	3.55876	73.3333	0.676621	22	12	8	2	8	3	19	43	849	0	0	8	0	0	8
681	60.3363	63.4089	1.25962	4.33229	84.6154	0.675778	27	10	8	1	12	3	18	43	1061	0	0	8	0	2	6
762	48.6366	53.5824	1.14448	6.09027	82.3529	0.67577	30	15	12	1	7	2	19	62	961	0	2	5	2	1	4
39	54.5419	57.8772	1.14014	4.47544	87.5	0.675414	34	13	11	1	10	3	19	43	917	0	0	8	1	1	6
330	60.3917	63.2428	1.65796	4.50902	92.3077	0.675119	21	10	9	1	5	3	19	43	1068	0	0	8	0	2	6
912	74.049	78.8218	1.79619	6.56898	75	0.675115	46	14	10	1	16	2	18	62	1301	0	1	6	1	2	4
654	57.2385	62.0487	1.23135	6.04154	91.6667	0.674957	20	8	7	1	8	4	18	24	832	0	0	9	0	0	9
60	69.5065	72.323	1.35898	4.17545	86.6667	0.674939	29	12	10	2	8	3	20	43	971	0	1	7	0	0	8
57	49.926	51.8426	1.17183	3.0884	91.6667	0.674569	24	9	8	1	8	3	19	43	988	2	2	4	0	0	8
857	62.807	65.1594	1.85947	4.21183	100	0.67451	25	7	7	3	5	3	18	43	1491	2	0	6	1	2	5
375	45.5858	49.3586	1.19775	4.97057	86.6667	0.674212	34	13	11	2	9	2	19	62	1219	1	3	3	4	0	3
536	53.1583	56.8728	0.804166	4.51868	87.5	0.674196	25	13	11	1	8	3	19	43	794	0	2	6	0	1	7
831	43.4511	44.4703	0.943902	1.96314	83.3333	0.674094	8	7	5	1	3	4	18	24	1091	2	2	5	0	2	7
233	58.7173	60.5669	1.62901	3.47864	76.4706	0.673993	20	14	10	1	7	3	20	42	1190	1	4	3	0	3	5
641	35.3467	40.4049	2.50639	7.56461	100	0.673741	34	9	9	1	8	3	19	43	940	2	3	3	3	0	5
335	80.7803	84.1421	2.1023	5.46417	80	0.67362	36	13	10	2	10	2	18	62	1067	2	0	5	0	4	3
786	58.2842	59.9192	4.23667	5.87166	71.4286	0.673473	24	11	7	2	7	3	19	43	984	0	1	7	0	4	4
309	49.8542	53.6075	1.07531	4.82867	100	0.673251	26	9	9	1	5	3	18	43	1192	0	2	6	0	3	5
716	62.358	67.7247	1.82733	7.19403	78.5714	0.673147	33	11	8	1	8	3	18	43	1104	0	1	7	1	2	5
552	56.6957	58.4775	0.619	2.40082	87.5	0.672923	15	13	11	1	4	3	19	43	995	1	0	7	0	2	6
115	55.2678	57.9259	2.53796	5.19601	100	0.672246	40	9	9	3	10	2	19	62	1369	0	2	5	2	2	3
434	49.0406	51.1678	1.63882	3.76601	90.9091	0.672223	30	8	7	2	7	3	18	43	1091	2	0	6	1	2	5
644	50.4269	53.5869	0.99213	4.15209	100	0.672217	29	10	10	1	5	3	18	43	1062	0	2	6	1	0	7
761	70.3923	74.8033	1.07787	5.48895	85.7143	0.672195	36	11	9	1	11	3	18	43	955	0	1	7	0	0	8
141	55.7772	59.2539	1.2647	4.74133	92.8571	0.672088	30	11	10	1	10	3	20	43	892	0	2	6	2	0	6
145	54.8494	59.8424	2.60184	7.59488	100	0.672064	30	7	7	2	7	3	18	43	918	2	2	4	0	1	7
51	69.5576	72.5836	2.88536	5.91143	75	0.671923	41	14	10	2	10	2	19	62	1333	2	0	5	0	3	4
74	56.6983	58.2112	0.850715	2.36365	81.8182	0.671895	21	8	6	1	12	3	19	43	856	0	3	5	0	0	8
696	53.3962	57.1122	1.57236	5.28837	66.6667	0.671722	33	12	7	4	8	3	19	43	1272	0	3	5	0	1	7
58	58.927	62.7122	1.69224	5.4774	75	0.671608	36	13	9	1	9	3	18	43	1009	0	1	7	0	2	6
14	72.8439	74.9184	0.971646	3.04623	68.75	0.671456	26	14	9	1	7	2	20	62	1016	0	1	6	0	2	5
59	53.0989	54.76	0.664085	2.32519	100	0.671357	20	9	9	1	3	3	20	43	828	0	2	6	0	1	7
930	50.3474	53.9026	2.15163	5.70679	91.6667	0.671266	34	10	9	1	13	2	18	62	1199	2	2	3	0	3	4
861	65.695	68.588	1.40719	4.30022	80	0.671136	27	12	9	2	5	3	18	43	1132	0	1	7	1	0	7
169	58.3344	63.3666	1.33267	6.36485	93.75	0.671053	44	13	12	1	10	3	19	43	1113	0	0	8	1	0	7
207	45.5476	48.4321	1.87428	4.75883	86.6667	0.67079	24	12	10	1	6	3	19	43	887	0	3	5	2	0	6
265	71.5083	75.8571	3.69392	8.04268	83.3333	0.670787	33	9	7	3	10	3	20	43	1286	0	2	6	0	2	6
732	54.8245	59.2934	3.89076	8.35961	92.3077	0.670355	29	10	9	1	6	3	19	43	871	2	2	4	0	0	8
372	57.7857	63.3739	1.23151	6.81971	100	0.670347	20	10	10	1	5	3	20	43	708	0	2	6	0	0	8
617	60.915	66.075	1.88023	7.04018	82.3529	0.670239	29	14	11	1	8	3	19	43	1067	0	1	7	0	0	8
393	65.1981	67.8129	0.910238	3.52506	86.6667	0.670228	32	12	10	1	9	3	18	43	1403	0	1	7	1	0	7
578	66.0329	69.2981	1.48536	4.75054	78.5714	0.669679	36	11	8	2	9	3	19	43	1449	2	0	6	0	1	7
581	46.9666	48.0132	1.15944	2.20602	63.6364	0.669533	10	7	3	1	5	4	18	24	1197	2	0	7	0	2	7
474	54.0599	57.0097	1.40626	4.35605	92.3077	0.669234	18	10	9	1	4	3	19	43	936	2	0	6	0	0	8
950	64.4337	67.152	2.28137	4.9996	90.9091	0.669227	32	9	8	2	7	2	19	62	1330	2	2	3	0	3	4
291	53.0993	55.9256	0.965548	3.7918	92.8571	0.6689	29	11	10	1	7	3	18	43	914	0	0	8	0	4	4
33	55.9192	57.5209	1.08438	2.68614	90.9091	0.668614	24	8	7	2	6	3	17	43	1502	0	0	8	0	4	4
397	61.0685	63.4695	1.36011	3.76105	72.2222	0.668571	28	16	11	2	5	2	18	62	1051	1	3	3	1	0	6
656	57.1302	59.4437	1.28266	3.59613	80	0.668276	25	12	9	1	10	3	19	43	1177	0	0	8	0	3	5
131	59.4551	62.3079	0.721347	3.57409	92.8571	0.667715	25	11	10	1	12	3	19	43	735	0	2	6	0	0	8
428	53.0045	55.3681	0.6503	3.01398	81.25	0.667689	19	13	10	1	5	3	20	43	865	0	2	6	0	1	7
740	83.4914	87.4718	2.88143	6.86188	66.6667	0.667636	40	13	8	2	18	2	18	62	1216	0	0	7	0	2	5
753	101.702	103.224	0.648954	2.17097	66.6667	0.66724	19	13	8	1	5	2	19	62	927	0	1	6	0	2	5
800	100.763	103.847	1.50978	4.59368	86.6667	0.666991	33	13	11	1	11	2	19	62	1049	2	1	4	0	0	7
340	108.038	111.012	1.75967	4.73379	60	0.666864	34	13	7	1	17	2	19	62	995	0	0	7	0	0	7
770	104.656	108.659	1.13506	5.1385	92.3077	0.666777	46	11	10	1	13	2	17	62	1294	0	0	7	0	0	7
748	66.9394	73.6072	3.32506	9.99285	92.3077	0.666454	30	10	9	1	8	3	19	43	990	0	3	5	0	2	6
247	93.6426	95.398	1.04676	2.80223	84.6154	0.666342	20	11	9	1	7	2	18	62	910	0	0	7	1	2	4
612	98.4131	104.095	1.61727	7.29885	73.3333	0.666339	40	13	9	1	13	2	19	62	1294	1	2	4	0	0	7
590	56.205	58.6868	1.37019	3.85205	100	0.666306	28	8	8	1	8	3	19	43	1421	0	2	6	0	2	6
191	67.3004	71.2378	1.63126	5.56867	71.4286	0.666162	36	19	13	1	13	2	19	62	823	0	1	6	0	3	4
604	54.8813	59.7793	1.32765	6.22561	77.7778	0.665931	26	15	11	2	5	3	18	43	1037	1	2	5	0	2	6
873	66.7052	68.5937	1.29081	3.17929	76.9231	0.665679	20	10	7	2	5	3	18	43	1315	0	2	6	0	1	7
227	148.765	152.214	1.46068	4.90954	77.7778	0.665658	43	17	13	2	12	1	17	81	1288	1	1	4	0	2	4
749	99.4321	101.504	1.13629	3.20857	80	0.665521	27	13	10	2	9	2	19	62	1067	0	2	5	0	1	6
739	96.4276	99.4948	4.55224	7.61944	71.4286	0.665256	24	12	8	1	5	2	19	62	1240	2	1	4	0	2	5
763	97.6787	104.674	0.868738	7.86387	100	0.665058	26	14	14	1	7	2	18	62	819	1	1	5	0	0	7
599	70.8653	74.4522	0.950021	4.53696	68.4211	0.664998	33	18	12	1	12	1	20	81	832	1	1	4	2	0	4
398	74.4356	79.6614	2.72122	7.94701	92.3077	0.664972	39	10	9	3	8	3	18	43	1372	0	0	8	0	2	6
952	105.035	108.935	1.51442	5.41379	100	0.664922	33	11	11	2	8	2	18	62	1084	0	0	7	0	0	7
812	57.5934	61.0264	1.03925	4.47223	92.3077	0.664857	26	10	9	1	4	3	19	43	1119	0	2	6	0	0	8
837	50.2698	54.0879	2.89313	6.71125	73.3333	0.664808	25	12	8	1	7	3	20	43	1022	0	2	6	0	4	4
979	64.5061	67.3315	1.5016	4.32701	85.7143	0.664771	27	10	8	2	5	3	18	43	1130	2	1	5	0	1	7
841	54.8674	57.9534	2.94644	6.03243	100	0.664704	45	10	10	1	13	2	18	62	1111	2	0	5	0	3	4
965	65.2906	69.9987	1.67617	6.38429	84.6154	0.664591	35	10	8	1	9	3	19	43	969	0	3	5	0	2	6
257	97.2801	100.584	0.984308	4.28861	81.25	0.66459	27	14	11	2	5	2	19	62	858	1	2	4	0	1	6
697	60.7163	61.7434	1.98254	3.0096	66.6667	0.664498	19	12	7	1	9	3	18	43	1058	0	2	6	0	0	8
323	101.042	104.227	1.36643	4.55175	81.25	0.664401	32	14	11	1	7	2	19	62	977	0	1	6	0	1	6
699	54.1742	60.703	1.7394	8.2682	100	0.664273	28	10	10	1	9	3	19	43	695	0	3	5	0	0	8
818	45.2083	47.1852	0.860718	2.83768	78.5714	0.664207	17	11	8	1	7	3	19	43	924	0	3	5	0	3	5
443	37.7274	40.7515	0.850705	3.87484	80	0.663787	29	17	13	1	8	3	19	43	872	0	1	7	2	4	2
865	68.751	71.6475	1.23378	4.1303	55	0.663689	33	18	9	1	9	2	19	46	1310	1	2	4	0	1	6
880	57.171	58.0138	0.536173	1.37897	69.2308	0.663604	13	10	6	1	6	3	18	43	878	0	2	6	0	0	8
570	51.4479	52.3449	0.700327	1.59729	64.2857	0.663331	14	11	6	2	4	3	19	43	1002	0	3	5	0	3	5
694	46.6741	49.8089	1.3797	4.51446	92.3077	0.663235	22	10	9	1	5	3	19	43	1031	0	2	6	2	1	5
714	72.5802	74.8858	0.788065	3.09374	82.3529	0.663221	30	15	12	1	4	2	19	62	925	0	2	5	0	0	7
16	53.7372	56.3514	1.18091	3.79509	73.3333	0.662952	21	12	8	1	10	3	19	43	997	1	2	5	0	1	7
487	73.0469	75.5862	1.29937	3.83868	85.7143	0.662751	28	11	9	2	9	3	19	43	1157	0	0	8	0	0	8
192	65.7602	67.0261	1.21265	2.47857	73.3333	0.662349	28	11	7	2	11	3	19	43	1222	2	1	5	0	0	8
733	62.5766	65.4865	1.74591	4.65583	83.3333	0.66217	28	9	7	2	7	3	18	43	1160	2	1	5	1	0	7
977	60.7343	65.749	1.26256	6.27731	57.8947	0.662043	36	17	9	1	10	2	20	62	1173	0	1	6	1	3	3
795	56.5248	61.663	1.69007	6.82824	100	0.661982	32	9	9	1	7	3	19	43	979	0	2	6	0	2	6
882	73.1347	76.6786	1.38711	4.93101	100	0.661982	24	8	8	1	5	3	19	43	1137	0	0	8	0	0	8
944	58.1401	60.7567	1.08382	3.70042	81.25	0.661861	27	13	10	1	7	3	20	43	957	0	0	8	0	2	6
472	65.2379	67.4979	1.06882	3.32882	65	0.661828	21	18	11	1	7	2	20	62	913	0	3	4	0	2	5
250	45.6113	50.1239	1.51055	6.0231	82.3529	0.661817	23	14	11	1	7	3	18	43	714	0	2	6	2	1	5
109	57.3352	61.7179	1.38101	5.76372	73.6842	0.661766	33	16	11	1	7	3	19	43	1326	1	1	6	0	0	8
447	63.5687	65.8365	0.933953	3.20177	64.7059	0.661628	19	14	8	1	6	3	18	43	1215	0	0	8	0	0	8
746	45.6407	47.814	1.59317	3.76645	85.7143	0.661476	25	11	9	2	6	3	19	43	1076	2	3	3	0	2	6
976	45.8823	50.2337	1.18545	5.53682	100	0.661468	33	10	10	1	10	2	19	62	1138	0	3	4	3	0	4
894	59.1883	60.7634	0.454559	2.02959	78.5714	0.661306	19	11	8	1	6	3	18	43	839	0	2	6	0	0	8
896	67.1193	71.356	1.70488	5.94161	92.3077	0.66111	31	10	9	1	6	3	18	43	871	0	2	6	0	1	7
118	72.9427	75.4062	1.37051	3.83401	50	0.660968	31	16	7	2	10	2	19	62	1417	0	1	6	0	1	6
996	74.0657	79.5943	1.54589	7.07447	73.6842	0.660939	46	17	12	1	13	2	19	43	1278	1	0	6	0	2	5
817	42.9462	44.8999	2.45042	4.4041	80	0.660822	23	12	9	1	7	3	18	43	1025	0	3	5	2	1	5
804	70.3126	73.5133	2.0205	5.22122	64.7059	0.660393	28	15	9	1	10	2	20	61	1109	1	2	4	0	1	6
369	148.668	151.019	0.80526	3.15596	75	0.660055	29	15	11	1	6	1	18	81	959	1	0	5	1	0	5
78	52.7709	53.9059	1.83714	2.97214	84.6154	0.659999	19	10	8	2	4	3	18	43	1159	2	2	4	0	0	8
11	50.0177	53.0639	0.661428	3.70765	81.25	0.659936	25	13	10	1	8	3	18	43	826	1	2	5	0	2	6
868	69.8166	74.1193	2.14436	6.44707	84.6154	0.659885	34	11	9	1	8	2	20	62	1212	0	2	5	0	0	7
948	67.9367	71.9911	1.71947	5.77391	83.3333	0.659879	27	16	13	1	5	2	18	61	811	0	0	7	0	2	5
993	72.258	74.6429	1.0659	3.45075	70	0.659845	29	18	12	1	12	2	19	62	1093	1	1	5	0	0	7
155	55.6856	57.1673	1.97118	3.45288	76.9231	0.659829	19	10	7	2	5	3	18	43	1452	2	4	2	0	0	8
454	56.325	57.6189	0.810612	2.10454	76.9231	0.659659	17	10	7	2	5	3	19	43	1154	0	2	6	0	4	4
117	57.2945	60.9372	2.34691	5.98962	90	0.659545	22	7	6	2	5	3	19	43	1224	0	2	6	0	3	5
84	102.706	107.101	3.45296	7.84796	87.5	0.659477	36	13	11	2	10	2	19	62	1242	2	1	4	0	0	7
189	44.509	49.5759	2.95532	8.02228	68.75	0.659465	46	13	8	1	10	3	18	43	1198	1	0	7	2	2	4
799	65.0597	68.7925	1.90126	5.63401	75	0.659462	23	9	6	2	5	3	18	43	1411	2	2	4	0	4	4
574	41.5011	44.1921	0.87724	3.56827	92.8571	0.659306	19	11	10	1	4	3	18	43	1113	0	4	4	1	2	5
10	96.0135	99.0195	0.960634	3.96666	80	0.659224	32	12	9	1	9	2	18	62	942	2	1	4	0	1	6
321	56.7175	57.8512	0.763368	1.89706	52.9412	0.658979	7	14	6	1	2	3	19	43	869	0	2	6	0	0	8
550	57.9648	62.1271	1.41066	5.57298	92.3077	0.658931	22	10	9	1	5	3	19	43	973	0	2	6	0	0	8
457	58.8397	62.021	0.831291	4.01263	71.4286	0.658809	19	19	13	1	6	2	19	62	775	0	3	4	2	1	4
815	60.9571	63.3601	1.85258	4.25564	92.8571	0.658559	32	10	9	1	7	3	18	43	925	2	3	3	0	1	7
830	55.5933	58.7271	0.783362	3.91715	81.25	0.658465	21	14	11	1	5	2	19	62	1146	0	1	6	2	0	5
883	70.4579	72.5278	0.843495	2.91342	71.4286	0.658306	31	11	7	1	9	3	18	43	1060	0	2	6	0	0	8
621	60.7936	64.3297	1.83947	5.37557	75	0.658147	19	17	12	1	5	3	19	43	815	0	1	7	0	0	8
779	54.7514	60.0456	1.71766	7.01189	75	0.657895	36	13	9	2	9	3	18	43	1163	0	2	6	0	2	6
319	60.4867	63.1968	1.03045	3.74058	85.7143	0.657856	27	11	9	1	6	3	18	43	1003	0	0	8	0	1	7
355	63.2355	64.7513	0.600723	2.11651	83.3333	0.65765	21	9	7	1	6	3	18	43	921	0	0	8	0	0	8
659	104.345	107.752	1.24082	4.64757	73.6842	0.65758	43	18	13	2	9	1	19	81	1204	1	1	4	1	2	3
41	52.6454	56.7538	2.92423	7.0326	55.5556	0.657495	30	15	7	2	7	3	19	43	1386	1	1	6	2	0	6
611	101.324	104.952	1.528	5.15662	80	0.65733	40	13	10	3	11	2	19	62	1335	0	0	7	0	2	5
142	101.703	104.319	1.68211	4.29756	81.25	0.657175	31	14	11	2	6	2	18	61	1057	1	0	6	0	1	6
385	53.7425	58.3116	1.38839	5.95743	81.25	0.657048	23	13	10	1	6	3	20	43	917	0	2	6	0	1	7
674	56.2879	58.8277	0.811243	3.35102	82.3529	0.65695	17	14	11	1	5	3	18	43	1004	0	1	7	0	2	6
923	69.7783	71.8969	1.63076	3.74929	85.7143	0.656948	36	11	9	2	10	3	18	43	1167	2	0	6	0	0	8
276	49.9021	52.9539	0.945792	3.99763	85.7143	0.656818	25	11	9	1	7	3	19	43	1090	0	3	5	0	2	6
272	152.56	155.997	1.0446	4.48202	68.4211	0.656791	31	18	12	2	6	1	18	81	1235	1	1	4	0	0	6
316	59.0213	61.2319	0.587499	2.79814	92.8571	0.656662	19	11	10	1	4	3	18	43	746	0	0	8	0	1	7
89	66.5326	72.6278	1.80275	7.89794	100	0.656633	31	10	10	1	5	2	20	62	1247	0	2	5	0	3	4
908	108.319	111.586	1.19432	4.46214	57.8947	0.656628	42	18	10	2	17	1	19	81	1258	1	1	4	1	2	3
541	57.0258	61.7472	2.34102	7.06238	91.6667	0.656435	35	10	9	1	7	2	19	62	1056	2	2	3	0	1	6
855	56.1637	62.455	3.57156	9.86294	85.7143	0.656348	42	11	9	2	10	2	19	62	1395	2	2	3	0	0	7
380	49.8759	51.9588	0.584283	2.66718	100	0.656334	22	8	8	1	5	3	19	43	1004	0	2	6	0	3	5
68	60.0503	62.7499	1.61552	4.31517	53.3333	0.656177	27	12	5	4	7	3	18	43	1188	2	0	6	0	2	6
904	103.483	106.57	3.26208	6.34955	78.5714	0.656104	39	12	9	1	15	2	18	62	1214	0	0	7	0	1	6
339	48.2861	50.748	1.51109	3.97297	86.6667	0.655102	31	12	10	1	8	3	20	43	795	0	1	7	1	4	3
384	63.6273	67.6369	1.39043	5.40005	76.9231	0.65503	21	10	7	1	6	3	17	43	973	0	3	5	0	1	7
144	49.9581	53.2896	3.2243	6.55586	85.7143	0.654443	21	10	8	1	8	3	20	43	933	2	2	4	0	1	7
287	56.1299	61.4342	1.2961	6.6004	92.3077	0.654057	20	10	9	1	4	3	20	43	918	0	2	6	0	2	6
499	50.6882	53.3586	1.05345	3.72386	83.3333	0.653655	17	9	7	1	4	3	19	43	840	0	3	5	0	1	7
518	81.2635	85.3179	1.8107	5.86507	100	0.653548	36	10	10	1	8	2	19	62	1271	0	2	5	0	1	6
917	57.6787	60.5485	2.24395	5.11369	81.25	0.653522	29	13	10	1	8	3	18	43	1048	2	1	5	0	0	8
237	56.7326	61.9715	1.37849	6.61733	73.3333	0.653374	35	12	8	1	12	3	18	43	1130	1	0	7	0	1	7
584	42.7171	45.2192	1.56086	4.06296	69.2308	0.653229	17	10	6	2	4	3	18	43	1114	2	4	2	0	1	7
606	53.6361	58.0709	3.00129	7.43612	80	0.653157	33	12	9	3	10	3	18	43	1091	0	1	7	0	4	4
780	91.7545	94.5682	1.06966	3.88336	66.6667	0.653141	25	13	8	1	5	2	18	62	1095	1	3	3	0	1	6
752	68.5961	71.6479	1.0485	4.10033	100	0.653125	28	8	8	1	7	3	18	43	1082	0	0	8	0	1	7
111	57.113	59.009	1.26542	3.1614	57.1429	0.652815	16	11	5	3	4	3	19	43	1115	0	1	7	0	2	6
828	149.15	157.176	1.93721	9.96245	73.6842	0.652662	22	18	13	1	4	1	19	81	918	0	2	4	1	0	5
836	63.7436	69.374	1.5067	7.13708	100	0.652305	26	10	10	1	4	3	19	43	929	0	2	6	0	2	6
564	79.3999	85.8383	3.60407	10.0425	83.3333	0.651993	32	10	8	1	8	2	17	62	1097	0	2	5	0	3	4
55	51.0485	53.7553	1.4147	4.12154	83.3333	0.65165	29	9	7	4	7	3	19	43	1254	2	2	4	0	2	6
640	155.778	157.307	1.26232	2.79125	64.7059	0.651308	32	16	10	1	15	1	19	81	1076	0	0	6	0	1	5
838	66.5307	68.8373	1.11631	3.42296	84.6154	0.651172	19	10	8	2	4	3	19	43	903	2	2	4	0	2	6
703	152.453	154.281	0.937975	2.76553	61.1111	0.650738	27	17	10	1	7	1	19	81	1338	1	1	4	0	0	6
567	39.9446	42.1262	1.85195	4.03356	81.25	0.650712	20	13	10	2	4	3	18	43	855	2	2	4	2	2	4
860	60.5507	64.6204	2.11587	6.18561	91.6667	0.650631	20	9	8	1	4	3	18	43	1222	0	1	7	0	0	8
571	71.2446	78.0095	1.49282	8.25771	93.3333	0.65044	27	14	13	1	8	1	18	78	853	2	1	3	1	0	5
315	64.1164	68.4323	1.48264	5.79856	85.7143	0.650276	22	11	9	1	6	3	18	43	827	0	0	8	0	0	8
311	53.4448	55.7082	1.31104	3.57445	73.3333	0.650168	21	12	8	1	11	3	19	43	821	0	2	6	0	2	6
982	67.4072	71.8525	1.99286	6.43815	84.6154	0.650085	32	10	8	2	12	3	19	43	1260	2	2	4	0	2	6
794	69.5844	74.668	1.99228	7.07585	72.2222	0.650065	39	16	11	1	7	2	18	62	1260	0	1	6	0	2	5
390	66.5756	68.9235	1.16118	3.50914	69.2308	0.64998	17	10	6	1	7	3	19	43	930	0	3	5	0	0	8
110	50.514	53.5181	1.8262	4.8303	78.5714	0.649843	27	11	8	2	7	3	18	43	1384	2	1	5	1	4	3
278	67.2937	70.808	1.2016	4.71588	77.7778	0.649831	35	16	12	2	7	2	19	62	1201	0	2	5	0	2	5
200	53.7888	56.7766	1.11969	4.10751	72.2222	0.649684	25	16	11	2	4	2	19	62	881	0	2	5	0	5	2
511	49.5297	51.9569	1.07558	3.50271	91.6667	0.649552	15	9	8	1	4	3	20	43	859	0	3	5	0	2	6
725	78.9733	83.0367	1.27601	5.33932	66.6667	0.649097	40	16	10	1	10	2	18	62	1269	0	0	7	0	1	6
791	58.5879	61.5559	1.5947	4.56276	91.6667	0.64887	31	9	8	3	6	3	19	43	1411	2	2	4	2	3	3
778	65.3955	67.8083	0.964817	3.3776	84.6154	0.648755	19	10	8	1	5	3	17	43	1201	0	1	7	1	0	7
974	65.0746	68.0867	1.12702	4.13911	86.6667	0.648692	28	12	10	1	10	3	18	43	998	0	2	6	0	0	8
542	51.9364	55.7061	2.58227	6.35192	73.6842	0.648591	24	16	11	1	8	3	20	43	961	1	3	4	0	0	8
206	59.7503	62.5549	1.01658	3.82118	68.75	0.648418	15	13	8	1	6	3	19	43	932	0	2	6	0	0	8
501	71.5305	75.7932	1.58291	5.84561	100	0.648403	24	7	7	1	5	3	17	43	1219	0	0	8	0	2	6
179	54.7167	56.2748	3.06046	4.6185	85.7143	0.648387	25	10	8	1	8	3	18	43	1078	2	0	6	0	1	7
277	59.6053	61.7872	0.651146	2.83303	82.3529	0.648289	28	14	11	1	7	3	18	43	1224	0	1	7	0	0	8
82	43.689	44.7383	0.631722	1.68101	86.6667	0.648265	11	12	10	1	4	3	19	43	654	0	3	5	0	5	3
513	57.6303	60.7681	0.995515	4.13332	100	0.648032	20	9	9	1	3	3	19	43	814	0	2	6	0	0	8
537	42.1095	43.4526	0.974462	2.31758	76.9231	0.647955	18	10	7	1	5	3	19	40	907	2	2	4	2	2	4
331	58.7414	61.1692	1.50664	3.93441	66.6667	0.647932	26	12	7	3	9	3	17	43	1254	0	1	7	0	2	6
85	63.4463	68.0475	1.20944	5.81057	84.6154	0.647859	23	10	8	1	5	3	19	43	1028	0	2	6	0	2	6
526	76.3987	79.906	1.78145	5.28873	68.75	0.647473	26	14	9	1	10	2	17	62	1086	1	0	6	0	0	7
160	97.2935	101.917	1.20873	5.8322	81.25	0.647405	30	14	11	2	5	2	20	62	1121	0	2	5	0	1	6
898	69.1719	72.6548	1.49967	4.98256	68.75	0.64736	42	14	9	2	18	2	19	62	1280	0	1	6	0	3	4
661	46.7505	53.5141	2.44335	9.20691	90.9091	0.647269	17	7	6	1	4	4	18	24	913	2	3	4	0	2	7
5	95.4049	99.8933	3.95209	8.44043	80	0.647246	35	13	10	2	10	2	19	62	1149	2	1	4	1	2	4
317	63.2703	65.1401	1.9604	3.83016	83.3333	0.647242	29	10	8	1	13	2	18	62	1084	2	1	4	0	2	5
768	57.8565	62.0875	1.54916	5.78018	75	0.646902	42	14	10	3	11	2	18	62	1340	1	1	5	0	3	4
989	57.0803	59.3228	1.52014	3.76264	83.3333	0.646625	26	9	7	3	5	3	19	43	1415	2	2	4	3	2	3
623	155.244	156.961	0.728483	2.44549	55	0.646565	24	19	10	1	12	1	20	81	802	0	1	5	0	0	6
350	50.1665	51.9181	0.532704	2.28437	92.3077	0.64644	18	10	9	1	5	3	18	43	862	2	0	6	0	4	4
208	60.1649	63.9454	1.08825	4.86878	92.3077	0.646421	17	10	9	1	5	3	19	43	828	0	0	8	0	2	6
755	156.707	160.52	1.94413	5.75713	66.6667	0.645635	42	17	11	1	12	1	18	81	1161	0	0	6	0	1	5
819	48.1641	54.0413	3.29495	9.17222	82.3529	0.645255	38	15	12	2	7	2	19	62	1076	2	1	4	1	2	4
260	43.6419	45.3713	0.608153	2.33754	100	0.645185	19	10	10	1	4	3	19	43	734	2	2	4	0	4	4
676	40.7884	42.7139	0.734717	2.66023	70.5882	0.644901	12	14	9	1	4	3	18	43	929	0	4	4	2	0	6
777	49.4473	51.4475	1.2931	3.29339	68.75	0.644788	27	13	8	2	7	3	19	24	1489	2	0	6	0	2	6
655	112.794	117.093	0.741915	5.04158	73.6842	0.644662	35	18	13	1	20	1	19	62	863	0	0	6	0	4	2
150	67.0935	69.5279	1.37916	3.81352	91.6667	0.644163	26	9	8	2	5	3	17	43	1069	2	1	5	0	0	8
138	65.3117	67.9635	1.21961	3.87143	66.6667	0.643953	27	19	12	2	9	2	19	61	1039	1	2	4	0	2	5
1001	100.072	102.909	1.41942	4.25605	75	0.643385	29	14	10	1	8	2	18	62	1226	0	1	6	0	1	6
679	53.5904	55.4689	0.717147	2.59563	75	0.64338	13	9	6	1	3	3	19	43	808	0	1	7	1	0	7
46	53.8543	55.8013	1.14715	3.09418	83.3333	0.64319	16	8	6	1	4	4	18	24	1166	0	2	7	0	0	9
167	65.2413	66.486	1.29376	2.53848	50	0.643144	11	11	4	2	4	3	19	43	987	0	1	7	0	1	7
933	41.9668	43.8064	1.21926	3.05886	73.3333	0.642812	24	11	7	3	7	3	17	43	1109	2	3	3	0	3	5
133	100.362	101.8	0.566331	2.00403	84.6154	0.642661	20	11	9	1	5	2	18	62	1036	0	2	5	0	0	7
170	60.8416	64.054	3.23004	6.44243	61.1111	0.642615	39	17	10	2	10	1	19	81	1197	0	3	3	2	1	3
924	68.7975	72.2641	1.20535	4.67204	76.4706	0.642614	21	15	11	1	5	2	19	62	760	0	3	4	0	0	7
395	152.12	155.721	0.904686	4.50585	78.9474	0.642062	27	18	14	1	8	1	17	81	891	0	1	5	0	1	5
666	35.6269	37.5155	0.93253	2.82112	100	0.641781	20	9	9	1	4	3	19	43	888	2	3	3	2	1	5
667	104.234	107.18	1.38165	4.32757	62.5	0.64165	26	14	8	1	12	2	20	62	889	0	1	6	0	0	7
839	59.0137	60.9951	0.976837	2.95821	91.6667	0.641551	17	9	8	1	4	3	18	43	827	2	2	4	0	4	4
967	94.929	99.9009	1.84424	6.81605	93.75	0.641375	29	14	13	1	9	2	20	62	1077	1	2	4	0	1	6
928	53.6248	57.187	0.970601	4.53283	91.6667	0.641146	23	9	8	1	13	3	19	43	777	0	2	6	0	2	6
957	63.8313	65.7854	0.836578	2.79067	81.25	0.641083	25	14	11	1	7	2	19	62	1005	0	2	5	0	2	5
962	75.397	77.0969	1.75199	3.4519	73.3333	0.640846	30	13	9	2	12	2	19	62	1219	2	0	5	1	2	4
705	50.047	51.9297	1.09078	2.97348	76.9231	0.640718	14	10	7	1	6	3	18	40	681	0	0	8	0	5	3
521	49.2975	53.6856	1.2627	5.65077	76.4706	0.640641	27	14	10	1	6	3	18	43	1164	0	2	6	0	3	5
698	69.3161	72.4271	0.823948	3.93496	92.8571	0.640415	27	12	11	1	5	2	19	62	1072	0	2	5	0	1	6
945	57.0836	59.5265	1.72949	4.17238	66.6667	0.640362	38	12	7	1	21	3	19	43	1238	1	0	7	0	1	7
693	63.4737	65.7632	0.839951	3.12942	92.8571	0.640149	18	11	10	1	4	3	19	43	709	0	0	8	0	0	8
53	100.984	104.009	1.18854	4.21309	80	0.640095	22	13	10	1	11	2	20	62	901	0	2	5	0	0	7
847	48.8527	50.0371	1.07764	2.26209	81.8182	0.640027	23	8	6	1	11	3	18	43	1464	0	2	6	2	2	4
973	67.7445	69.4603	1.30757	3.02341	83.3333	0.639974	20	9	7	2	6	3	18	43	1262	0	0	8	0	3	5
535	101.877	102.775	2.08126	2.9791	57.1429	0.639947	23	12	6	1	12	2	18	62	1122	0	2	5	0	0	7
771	62.8204	66.7312	1.82572	5.73648	68.4211	0.639779	47	17	11	1	16	2	19	62	1186	1	1	5	0	3	4
54	98.7625	102.875	1.08962	5.20173	100	0.639504	31	11	11	1	9	2	18	62	1098	0	2	5	0	2	5
751	64.5405	67.6869	0.926099	4.07256	100	0.639271	33	10	10	1	6	3	19	43	983	0	2	6	0	3	5
683	148.914	150.694	1.11016	2.89009	70.5882	0.639012	31	16	11	1	10	1	19	81	1077	1	1	4	0	1	5
627	47.0364	48.4751	1.60157	3.04029	81.8182	0.638875	15	8	6	1	5	3	18	43	1055	2	3	3	0	3	5
886	45.1526	47.1235	2.03144	4.00232	38.8889	0.638857	22	15	4	2	9	3	19	43	1214	1	1	6	2	2	4
246	154.228	160.381	3.424	9.57647	80	0.638276	49	14	11	1	14	1	18	81	1541	0	2	4	0	0	6
726	74.1614	75.8057	1.38921	3.03349	93.3333	0.638113	14	13	12	1	4	2	20	62	866	1	1	5	0	0	7
45	103.405	104.998	0.551772	2.14519	80	0.638109	20	13	10	1	6	2	17	62	873	0	1	6	0	0	7
36	57.2979	59.9251	0.743746	3.37096	81.25	0.637923	21	13	10	1	7	3	18	43	827	0	2	6	0	0	8
927	79.5914	82.8589	1.97413	5.24163	50	0.637904	28	18	8	1	9	2	19	62	1133	0	0	7	0	0	7
744	58.8534	63.4764	2.21863	6.8416	83.3333	0.637407	19	9	7	1	5	3	20	43	1028	0	2	6	0	0	8
411	77.9734	81.0217	2.12058	5.16887	91.6667	0.637332	25	9	8	1	7	2	18	62	1094	2	3	2	0	0	7
636	69.7426	73.0443	0.880317	4.18196	65	0.636921	26	18	11	1	6	2	19	62	1010	0	2	5	0	1	6
615	60.0878	62.0156	0.983285	2.91114	69.2308	0.636785	13	9	5	1	4	3	19	43	1027	2	3	3	0	1	7
963	58.0431	63.1731	1.89554	7.02556	86.6667	0.636556	26	12	10	1	7	3	18	43	1037	0	0	8	0	3	5
645	99.7862	102.439	1.13338	3.78666	78.5714	0.63634	16	12	9	1	6	2	18	62	524	2	1	4	0	2	5
711	71.0544	74.1705	0.637124	3.75323	94.1176	0.636206	21	15	14	1	4	2	17	57	856	1	1	5	0	0	7
625	66.4166	68.3641	1.86905	3.81651	64.2857	0.636141	24	11	6	2	12	3	18	43	1558	2	1	5	0	0	8
500	45.8167	49.9382	0.947588	5.06903	76.1905	0.635608	26	19	14	1	7	2	20	62	774	1	1	5	3	0	4
190	72.768	75.0353	0.975878	3.24319	78.5714	0.635409	18	12	9	1	5	2	18	62	940	0	2	5	0	0	7
585	46.5775	47.3712	0.720203	1.51397	66.6667	0.635404	14	9	5	1	5	3	19	43	1078	2	1	5	0	5	3
299	68.9015	71.9615	1.18423	4.24427	88.8889	0.635346	43	16	14	1	13	2	18	42	1009	0	0	7	0	3	4
596	56.0235	57.0872	1.18869	2.25239	72.7273	0.635176	12	8	5	2	4	3	18	43	1116	2	0	6	0	1	7
728	86.9183	91.6835	1.3335	6.09865	86.6667	0.635166	33	13	11	2	9	2	18	62	1025	0	3	4	1	2	4
678	36.7604	40.2188	0.936555	4.39499	76.4706	0.634646	19	14	10	1	5	3	18	43	868	0	4	4	2	2	4
492	57.1743	59.4703	1.13949	3.43552	73.3333	0.634633	35	12	8	2	9	3	19	24	973	0	0	8	0	2	6
717	95.4529	104.826	2.24293	11.6165	87.5	0.634386	29	14	12	1	7	2	17	62	827	0	1	6	1	0	6
754	70.7885	74.9805	1.17408	5.36608	100	0.634317	37	9	9	1	9	3	20	43	1041	0	2	6	0	0	8
593	104.516	107.686	1.66339	4.83361	93.3333	0.634226	21	13	12	1	4	2	18	62	1101	0	1	6	0	0	7
595	103.259	105.053	1.18134	2.97544	90.9091	0.634202	25	9	8	1	5	2	18	62	1162	0	0	7	0	1	6
843	74.0436	77.5887	1.11934	4.6644	93.3333	0.633968	18	14	13	1	4	1	18	81	1027	2	1	3	1	0	5
508	59.6733	67.1507	4.00109	11.4785	91.6667	0.633921	51	10	9	2	14	2	19	62	1450	2	2	3	0	1	6
430	100.176	103.811	1.52272	5.15861	62.5	0.633486	34	14	8	1	8	2	18	62	1235	0	1	6	0	1	6
538	49.0121	52.6075	1.17734	4.77275	90.9091	0.6334	16	8	7	1	4	3	19	43	809	0	3	5	0	3	5
49	40.7963	45.2827	4.11963	8.60607	76.4706	0.633343	27	13	9	2	12	3	18	43	1266	2	3	3	0	4	4
960	63.4693	65.3885	0.834497	2.75373	50	0.633103	21	13	5	1	12	3	19	43	1070	0	0	8	0	0	8
40	96.3909	99.482	1.93807	5.02915	86.6667	0.633071	31	13	11	1	11	2	19	62	714	2	2	3	0	2	5
642	69.4227	72.2225	1.45052	4.25028	81.25	0.632962	35	14	11	2	10	2	19	62	1013	2	1	4	0	0	7
914	60.5345	62.926	2.09973	4.49119	100	0.632376	19	8	8	2	3	3	18	43	1076	0	1	7	0	0	8
938	57.8032	59.1023	1.16843	2.46749	66.6667	0.631443	12	9	5	1	5	3	19	43	1233	0	2	6	0	0	8
808	44.2813	45.8447	0.585476	2.14888	83.3333	0.631294	22	9	7	1	7	3	19	43	822	0	3	5	1	1	6
211	68.1634	70.0634	0.571295	2.47133	84.6154	0.631097	26	11	9	1	8	2	19	62	1033	0	2	5	0	1	6
256	153.625	156.36	1.10108	3.83557	86.6667	0.630527	34	14	12	1	16	1	20	81	841	0	1	5	0	1	5
201	146.313	148.291	0.908733	2.88639	66.6667	0.630213	28	17	11	1	7	1	18	81	1324	1	2	3	0	1	5
708	54.9012	56.507	1.70907	3.31486	55.5556	0.629805	16	16	8	1	5	2	18	62	1051	1	2	4	0	3	4
662	73.3658	76.3845	0.67372	3.69235	61.9048	0.629773	26	19	11	1	7	2	19	62	925	0	1	6	0	1	6
565	78.4894	79.6773	1.73707	2.92499	66.6667	0.629621	18	13	8	1	7	2	19	62	772	0	1	6	0	5	2
234	70.3299	72.533	1.83782	4.04086	64.2857	0.629492	20	12	7	1	6	2	19	62	1218	0	2	5	0	1	6
715	64.6582	66.7024	1.06502	3.10926	91.6667	0.629428	17	9	8	1	4	3	18	43	933	0	2	6	2	2	4
402	79.3843	82.8457	1.7671	5.22844	85.7143	0.628676	28	12	10	2	6	2	18	62	1023	0	0	7	0	0	7
77	81.1777	84.846	1.98041	5.64866	64.7059	0.628369	39	15	9	1	12	2	17	42	1324	0	0	7	0	0	7
202	62.9478	66.4711	1.05614	4.57947	86.6667	0.628311	24	12	10	1	7	3	18	43	1031	0	2	6	0	1	7
544	96.5047	97.9314	0.736673	2.16338	81.8182	0.627682	24	9	7	2	7	2	17	62	1089	2	1	4	0	1	6
453	66.3283	68.7474	1.83362	4.25267	87.5	0.627473	27	14	12	2	5	2	17	62	997	0	2	5	0	1	6
159	76.905	80.2275	0.885204	4.20768	60	0.626245	16	18	10	1	5	2	19	53	850	0	0	7	0	1	6
554	96.833	101.216	1.82304	6.20593	80	0.626229	30	13	10	1	7	2	19	62	1114	0	0	7	0	3	4
222	98.272	102.443	2.65472	6.82562	73.3333	0.62612	38	13	9	3	8	2	18	62	1326	0	1	6	1	0	6
440	50.4912	53.0557	1.19905	3.76363	85.7143	0.625734	28	11	9	1	7	2	19	62	1057	2	2	3	0	1	6
546	58.28	60.6207	2.08792	4.4286	62.5	0.625494	27	14	8	2	10	2	19	62	1090	0	2	5	0	3	4
913	64.0502	66.7767	1.41952	4.146	83.3333	0.62542	19	9	7	1	5	3	18	43	1064	0	1	7	1	2	5
446	153.848	157.251	0.833091	4.23573	72.2222	0.625359	30	17	12	1	10	1	19	81	841	0	0	6	0	2	4
665	66.7677	69.2293	1.05327	3.5149	91.6667	0.625319	28	9	8	1	10	3	18	43	1036	2	0	6	0	1	7
783	54.5074	57.786	0.715736	3.9943	80	0.62507	20	12	9	1	9	3	17	43	791	0	1	7	0	3	5
417	78.8091	81.4967	2.29382	4.98144	57.1429	0.624963	29	13	7	1	14	1	18	81	1305	2	0	4	0	1	5
953	101.587	104.647	2.33456	5.39453	86.6667	0.62492	44	13	11	2	16	2	18	62	1304	2	1	4	0	0	7
149	73.0254	75.7237	1.15315	3.85145	68.75	0.624782	26	14	9	1	6	2	20	62	837	0	1	6	0	2	5
792	112.768	114.679	0.552456	2.46348	80	0.624641	21	14	11	1	8	1	19	81	523	0	1	5	0	3	3
219	97.6045	101.401	1.10869	4.9054	68.75	0.624633	29	14	9	1	8	2	18	62	1050	0	2	5	0	1	6
366	64.7416	69.039	2.76938	7.06684	68.4211	0.623558	39	17	11	2	9	2	18	62	1252	0	0	7	0	4	3
103	99.4759	102.269	0.82312	3.61594	86.6667	0.623248	34	13	11	1	12	2	18	62	996	0	1	6	0	1	6
418	68.0403	70.1276	0.842977	2.93027	92.3077	0.621848	32	10	9	1	8	2	18	62	1068	2	0	5	0	1	6
647	65.8668	69.2518	1.31759	4.70261	68.4211	0.621701	38	17	11	2	11	2	18	62	1287	1	1	5	1	2	4
140	98.6675	102.545	1.81465	5.69265	73.3333	0.621548	31	13	9	1	16	2	19	62	967	0	1	6	0	3	4
358	53.1269	55.5696	0.772735	3.2154	100	0.621317	23	8	8	1	10	3	18	43	1141	0	1	7	0	2	6
126	76.763	79.2093	0.833149	3.27947	93.75	0.620731	32	14	13	1	11	2	19	62	1044	0	1	6	1	2	4
187	66.3681	68.6676	1.25373	3.55325	91.6667	0.620407	25	9	8	1	5	3	18	43	1264	2	1	5	0	2	6
713	77.5982	80.9774	1.57839	4.95754	70.5882	0.619946	25	15	10	1	5	2	19	62	1009	0	0	7	0	1	6
379	54.4692	63.9775	3.17146	12.6798	92.3077	0.619777	35	9	8	2	10	3	18	43	1146	2	3	3	2	0	6
104	93.2431	95.8767	1.71325	4.34682	80	0.619473	33	13	10	2	12	2	18	62	1285	2	1	4	1	1	5
302	150.741	154.592	1.51625	5.36798	78.5714	0.618998	37	13	10	1	13	1	19	81	927	0	1	5	0	2	4
741	66.0798	70.7851	1.19764	5.90294	92.8571	0.618994	29	12	11	1	7	2	18	62	913	0	3	4	0	1	6
765	42.8638	47.2808	1.38159	5.79862	82.3529	0.618737	26	15	12	1	6	2	19	62	814	0	3	4	2	1	4
695	104.18	107.456	2.10172	5.37794	80	0.618347	41	13	10	1	13	2	19	62	1083	2	0	5	0	2	5
701	98.1195	100.833	0.709553	3.42269	92.3077	0.617668	20	11	10	1	4	2	17	62	948	0	1	6	0	1	6
756	60.5775	65.5267	1.74133	6.69055	55	0.617027	26	18	9	1	10	2	18	62	1229	0	1	6	1	2	4
212	73.5945	78.9605	1.80242	7.16841	100	0.616689	29	12	12	1	4	2	20	62	921	0	2	5	0	0	7
420	51.3742	57.8795	1.63499	8.14034	70.5882	0.615805	24	15	10	1	6	2	19	62	1069	0	2	5	2	0	5
363	101.212	104.182	1.53636	4.50698	68.75	0.615579	22	14	9	1	6	2	19	62	1123	0	1	6	0	1	6
712	49.2022	50.3284	0.568487	1.69459	72.7273	0.615433	19	8	5	2	7	3	18	43	1119	1	2	5	0	3	5
93	73.8702	76.1173	2.29799	4.54513	50	0.614888	27	16	7	1	12	2	19	62	1176	0	2	5	0	0	7
677	97.7008	98.8451	1.62547	2.76978	78.5714	0.614839	15	12	9	1	4	2	18	62	742	2	1	4	0	1	6
166	57.1814	60.7409	4.58933	8.14884	84.6154	0.614482	41	11	9	1	10	2	18	62	1111	2	2	3	0	0	7
341	75.7647	78.7216	2.34744	5.30439	60	0.614131	31	13	7	3	14	2	18	62	1347	0	0	7	0	1	6
264	152.994	154.559	2.18979	3.75443	64.7059	0.61362	35	16	10	1	12	1	18	81	1077	0	1	5	0	1	5
637	48.8389	51.5279	1.05037	3.73934	82.3529	0.613506	37	15	12	1	9	2	17	62	1371	0	2	5	2	1	4
97	77.459	83.5306	1.68677	7.7584	68.4211	0.613446	25	17	11	2	5	2	18	57	984	0	1	6	0	0	7
573	60.8674	63.5323	2.0727	4.73757	66.6667	0.613337	31	16	10	1	11	2	18	62	996	0	3	4	0	2	5
834	55.669	56.9455	0.834192	2.11072	58.3333	0.612841	13	9	4	3	5	3	18	43	1149	2	0	6	0	1	7
209	46.0317	47.3829	1.59692	2.9481	60	0.612747	7	12	6	1	4	3	19	43	843	2	3	3	0	2	6
320	61.8357	64.4653	0.843616	3.4732	92.3077	0.612346	21	11	10	1	5	2	18	62	846	0	3	4	1	0	6
747	117.617	120.705	2.10127	5.18948	80	0.612019	32	14	11	1	16	1	19	81	1018	0	1	5	0	2	4
813	109.197	113.979	1.58555	6.36762	85.7143	0.611896	46	13	11	1	18	1	18	81	1307	0	2	4	1	2	3
899	77.2875	79.818	1.01221	3.54264	75	0.610842	20	14	10	1	5	2	19	62	886	0	1	6	0	3	4
152	53.2654	56.3143	1.08061	4.12948	82.3529	0.610173	32	15	12	1	7	2	19	62	1080	0	3	4	0	3	4
673	80.8653	88.2495	1.66799	9.05214	92.3077	0.609895	34	11	10	1	10	2	17	62	1306	0	0	7	0	0	7
465	53.4463	56.5971	1.01156	4.16232	90.9091	0.609221	18	8	7	1	4	3	18	43	811	2	2	4	0	2	6
460	56.7971	59.6005	1.12492	3.92827	81.25	0.608857	27	14	11	2	7	2	19	62	951	2	1	4	0	2	5
456	70.3127	73.9798	1.7405	5.40755	61.1111	0.608798	40	16	9	2	16	2	19	62	1452	1	2	4	0	0	7
775	63.8142	67.9017	1.5944	5.68188	66.6667	0.608534	40	16	10	2	11	2	17	62	1266	0	0	7	0	4	3
263	106.22	107.843	1.74178	3.3646	80	0.607971	24	13	10	1	14	2	19	62	843	0	0	7	0	2	5
629	63.3428	66.3428	1.37063	4.37056	78.5714	0.60796	32	12	9	2	7	2	18	62	1242	0	3	4	0	1	6
281	99.7062	101.954	1.05338	3.30081	80	0.607955	31	13	10	2	14	2	19	62	1015	2	1	4	0	2	5
653	63.2146	69.4018	1.66228	7.84944	100	0.607448	23	8	8	2	5	2	19	62	1161	2	2	3	0	5	2
413	77.1697	80.7101	1.39746	4.9379	82.3529	0.607154	27	15	12	1	10	2	20	62	934	0	1	6	0	0	7
333	70.7483	72.2476	2.45616	3.95551	37.5	0.606539	19	14	4	4	6	2	18	60	1404	1	0	6	0	3	4
825	63.9265	65.2481	2.1121	3.43369	50	0.606025	18	9	3	3	10	3	18	43	1166	2	2	4	0	1	7
614	65.6784	71.2397	2.06403	7.62529	84.6154	0.605791	35	10	8	1	9	3	18	43	1214	0	3	5	0	2	6
327	70.3803	76.662	2.40812	8.68984	68.75	0.605716	29	14	9	2	7	2	19	62	1164	2	1	4	0	0	7
343	102.253	105.087	1.20058	4.03416	92.8571	0.605394	25	12	11	1	7	2	19	62	844	0	1	6	0	2	5
560	63.5582	67.3447	3.68596	7.47254	83.3333	0.605065	32	10	8	3	6	2	19	62	1256	2	2	3	0	0	7
337	69.2144	72.9507	1.29461	5.03082	65	0.60476	26	18	11	1	5	2	19	42	942	0	0	7	0	2	5
374	52.9746	56.492	4.13987	7.65725	81.25	0.602822	25	13	10	1	7	3	19	43	780	2	3	3	0	0	8
119	60.1285	62.4151	1.3947	3.68132	53.3333	0.602207	13	12	5	2	5	3	18	43	1045	0	2	6	0	0	8
901	90.4189	91.7793	0.63405	1.99452	64.2857	0.60144	24	12	7	1	12	2	18	62	911	1	3	3	0	1	6
357	42.5455	44.5321	0.653434	2.64001	76.4706	0.600968	13	15	11	1	6	2	19	62	685	2	3	2	0	3	4
270	43.8764	45.4112	1.87464	3.40945	56.25	0.600716	16	13	6	1	5	3	18	43	916	2	2	4	2	0	6
480	64.711	69.2699	2.73882	7.29767	80	0.599014	38	13	10	1	10	2	18	62	1088	0	1	6	0	3	4
809	67.5128	68.2626	1.49841	2.24825	66.6667	0.598712	9	9	5	1	5	3	18	43	806	2	2	4	0	0	8
990	100.84	104.479	1.04386	4.68341	66.6667	0.59806	25	13	8	1	7	2	18	62	1226	0	2	5	0	0	7
872	95.8413	97.5041	0.78844	2.45132	85.7143	0.595933	17	12	10	1	5	2	18	62	752	2	1	4	0	1	6
459	63.044	66.6012	1.75191	5.30913	75	0.594124	34	10	7	1	11	2	19	62	1329	1	2	4	0	2	5
580	61.9401	65.6262	1.46794	5.15398	50	0.593878	24	16	7	1	9	2	18	62	1244	1	1	5	0	2	5
601	56.7557	58.0749	1.08353	2.40266	58.8235	0.591839	19	14	7	1	6	2	18	62	1068	2	3	2	0	0	7
318	50.2256	56.0692	1.94082	7.78445	75	0.590715	30	14	10	2	7	2	19	62	1044	0	2	5	0	6	1
186	76.2073	78.8383	1.59006	4.22109	55	0.590188	27	18	9	2	6	2	19	62	1111	1	0	6	0	0	7
723	57.1083	60.8897	2.73606	6.51747	75	0.58736	36	10	7	3	9	2	18	62	1439	2	2	3	0	3	4
47	65.4765	70.0172	1.71365	6.25441	85.7143	0.586244	33	13	11	1	9	1	17	81	1067	2	0	4	0	3	3
368	78.9409	82.7373	1.24358	5.03994	61.1111	0.585164	26	16	9	1	8	2	18	42	989	0	0	7	0	1	6
294	65.8547	68.5071	2.08244	4.73491	76.4706	0.577661	26	14	10	1	10	2	18	62	928	2	1	4	0	1	6
421	158.691	159.227	0.628566	1.16444	35.7143	0.567407	8	13	4	2	2	1	18	81	1168	0	0	6	0	0	6
